expression,reading,meaning,tags,guid
現像,げんぞう,필름 현상,JLPT_1 JLPT,v9bha+<cj}
原則,げんそく,원칙,JLPT_1 JLPT,dVC[`t${#`
見地,けんち,견지·관점,JLPT_1 JLPT,wk)a!>hpi:
現地,げんち,현지·실제 장소,JLPT_1 JLPT,G$>SwAUY5:
限定,げんてい,한정·제한,JLPT_1 JLPT,o%F/8(![P3
原点,げんてん,원점·기점,JLPT_1 JLPT,bXdt~Sz`DP
原典,げんてん,원전·출처,JLPT_1 JLPT,EB`MVeV|+3
原爆,げんばく,원자 폭탄 (원폭),JLPT_1 JLPT,qVu!~xa[nC
原文,げんぶん,원문,JLPT_1 JLPT,w>egRzs&//
厳密,げんみつ,엄밀함·정밀함,JLPT_1 JLPT,k<}V}HBo:Y
賢明,けんめい,현명함·지혜,JLPT_1 JLPT,rF6VPIq@Kt
倹約,けんやく,검약·절약,JLPT_1 JLPT,G)qGN7wCPF
原油,げんゆ,원유,JLPT_1 JLPT,mqzQ4phBV%
兼用,けんよう,겸용,JLPT_1 JLPT,Q[mY;6;Blm
権力,けんりょく,권력·권세,JLPT_1 JLPT,zLBVbQJht)
言論,げんろん,언론,JLPT_1 JLPT,j=]X!_Sn:<
故～,こ～,고(故)~,JLPT_1 JLPT,l<k2Hl<qF:
語彙,ごい,어휘·단어장,JLPT_1 JLPT,dg-x#L-S>s
恋する,こいする,사랑에 빠지다·사랑하다,JLPT_1 JLPT,x>yH@(e$>B
甲,こう,갑(첫 번째)·껍데기,JLPT_1 JLPT,gr(P$T&hE)
～光,～こう,빛,JLPT_1 JLPT,dR[Ye:I0gD
好意,こうい,호의·친절,JLPT_1 JLPT,f{|~G`MfSc
行為,こうい,행위·행동,JLPT_1 JLPT,"x,?`vew_Y^"
合意,ごうい,합의·동의,JLPT_1 JLPT,u5DPHkD^67
工学,こうがく,공학,JLPT_1 JLPT,nLBSX>%S~{
抗議,こうぎ,항의,JLPT_1 JLPT,N%yl^:99*x
合議,ごうぎ,합의·회의,JLPT_1 JLPT,g]f7CW]TnO
皇居,こうきょ,고쿄 (황거),JLPT_1 JLPT,s3?rVk?BGD
好況,こうきょう,호황,JLPT_1 JLPT,w5c/V*0:/6
鉱業,こうぎょう,광업,JLPT_1 JLPT,w)+*p6qI~s
興業,こうぎょう,흥업·사업을 일으킴,JLPT_1 JLPT,qy~me*:#E{
高原,こうげん,고원,JLPT_1 JLPT,GF2Ak`BNv1
交互,こうご,상호의·교대로 하는,JLPT_1 JLPT,i<WWSGhMtl
煌々と,こうこうと,휘황찬란하게·밝게,JLPT_1 JLPT,wYY;?*yl=I
考古学,こうこがく,고고학,JLPT_1 JLPT,CYD1fRQ8EC
工作,こうさく,공작·수공예,JLPT_1 JLPT,wzz*)FRo9<
耕作,こうさく,경작·재배,JLPT_1 JLPT,hB|/|8Uy}2
鉱山,こうざん,광산,JLPT_1 JLPT,"KT!enF:=,%"
講習,こうしゅう,강습·훈련,JLPT_1 JLPT,g(z7%o&?^
口述,こうじゅつ,구술·구두 진술,JLPT_1 JLPT,C~8oU(cK0?
控除,こうじょ,공제·보조금,JLPT_1 JLPT,s2uW?Na1t%
交渉,こうしょう,교섭·협상,JLPT_1 JLPT Intermediate_Japanese_Ln.8 Intermediate_Japanese,uv@U[?I@AF
高尚,こうしょう,고상한·품격 있는,JLPT_1 JLPT,Ndw<}.:V2o
向上,こうじょう,향상·발전,JLPT_1 JLPT,Qcz@t2UD0)
行進,こうしん,행진·퍼레이드,JLPT_1 JLPT,A=w}ZE@917
香辛料,こうしんりょう,향신료,JLPT_1 JLPT,ce!{r.1}~3
降水,こうすい,강수·강수량,JLPT_1 JLPT,"pb1#Y263n,"
洪水,こうずい,홍수,JLPT_1 JLPT,wakC-uKaq}
合成,ごうせい,합성의·혼합된,JLPT_1 JLPT,c^4E@A0[92
公然,こうぜん,공공연하게·공개적으로,JLPT_1 JLPT,M(>QOkIhfA
抗争,こうそう,항쟁·분쟁,JLPT_1 JLPT,Ayw{S[ULVi
構想,こうそう,구상·계획,JLPT_1 JLPT,HJ3]TaFI5x
後退,こうたい,후퇴·퇴각,JLPT_1 JLPT,Hg(g(Ch73j
光沢,こうたく,광택·윤기,JLPT_1 JLPT,sz+BIfx<J$
公団,こうだん,공단·공공 단체,JLPT_1 JLPT,C&5}~^z)ts
好調,こうちょう,호조·순조로움,JLPT_1 JLPT,fn+k2uN^.*
口頭,こうとう,구두의·말로 하는,JLPT_1 JLPT,mWZ1nL&l+A
講読,こうどく,강독·읽기,JLPT_1 JLPT,"cbt]L<,==)"
購読,こうどく,구독,JLPT_1 JLPT,BPBnR~`=Cm
購入,こうにゅう,구입·구매,JLPT_1 JLPT,mN.]${Ep@o
公認,こうにん,공인·공식 승인,JLPT_1 JLPT,f=;(Z+KSn*
光熱費,こうねつひ,광열비,JLPT_1 JLPT,CBInEbAiwn
購買,こうばい,구매·구입,JLPT_1 JLPT,m|%voYE^yW
好評,こうひょう,호평,JLPT_1 JLPT,PN?X>r5#3$
交付,こうふ,교부·발급,JLPT_1 JLPT,iWHq@iV7/S
公募,こうぼ,공모,JLPT_1 JLPT,zuO/%#|pw9
巧妙,こうみょう,교묘한·영리한,JLPT_1 JLPT,K0cz7g4lOn
公用,こうよう,공용,JLPT_1 JLPT,E{n/tl9=Ih
小売,こうり,소매,JLPT_1 JLPT,c_Z6-bZ>!E
効率,こうりつ,효율,JLPT_1 JLPT,zkc6-]4~)6
公立,こうりつ,공립,JLPT_1 JLPT,FUSldz(S$f
護衛,ごえい,호위·호송,JLPT_1 JLPT,Bs7a.5p1{r
コーナー,コーナー,코너·모퉁이,JLPT_1 JLPT,n/T(.dj~.j
小柄,こがら,작은 체구·작은 무늬,JLPT_1 JLPT,p|m2.?zBm2
小切手,こぎって,수표,JLPT_1 JLPT,vh>Pgi:y!n
国産,こくさん,국산,JLPT_1 JLPT,NVGuI`wyWr
国定,こくてい,국정·국가 지정,JLPT_1 JLPT,K:.NA{MA#
告白,こくはく,고백,JLPT_1 JLPT,D/-Yon@zj7
国防,こくぼう,국방,JLPT_1 JLPT,gB_-ioo>5E
国有,こくゆう,국유,JLPT_1 JLPT,qhprC(Et1a
極楽,ごくらく,극락·낙원,JLPT_1 JLPT,MY-u/w:|X`
国連,こくれん,유엔·국제 연합,JLPT_1 JLPT,PWdSCAXCS{
焦げ茶,こげちゃ,짙은 갈색·고동색,JLPT_1 JLPT,z#D(l+D|+d
語源,ごげん,어원,JLPT_1 JLPT,"wW7;mB,H-n"
心地,ここち,기분·마음씨,JLPT_1 JLPT,HRZ-ZZ((63
心得,こころえ,소양·지식,JLPT_1 JLPT,r]B:&#9/Oj
心掛け,こころがけ,마음가짐·각오,JLPT_1 JLPT,v|gKw*kSA<
心掛ける,こころがける,유심하다·마음먹다,JLPT_1 JLPT,xF|-#cu_O[
志,こころざし,뜻·뜻함,JLPT_1 JLPT,J^EH*N|S>D
志す,こころざす,뜻을 두다·목표로 하다,JLPT_1 JLPT,zc/071N?*?
心強い,こころづよい,든든한·마음 든든한,JLPT_1 JLPT,K>pZg]2z_[
心細い,こころぼそい,불안한·낙담한,JLPT_1 JLPT,ve[sU52iIO
試み,こころみ,시도·시련,JLPT_1 JLPT,LnQ-7#~J-i
試みる,こころみる,시도하다·시험해 보다,JLPT_1 JLPT,qG!ugw]O{9
快い,こころよい,기분 좋은·쾌적한,JLPT_1 JLPT,eXTY5f2Ubn
誤差,ごさ,오차,JLPT_1 JLPT,bE*}iimu/k
ございます,ございます,있습니다·계십니다,JLPT_1 JLPT,g2<)LlaRj=
孤児,こじ,고아,JLPT_1 JLPT,Nru>c@<pc2
こじれる,こじれる,꼬이다·악화되다,JLPT_1 JLPT,jQE(/ITykr
こす,こす,거르다·여과하다,JLPT_1 JLPT,P2WNAwMh[2
梢,こずえ,나무 꼭대기,JLPT_1 JLPT,"P{..MI,|Mb"
個性,こせい,개성,JLPT_1 JLPT,EsL6l#sj?m
戸籍,こせき,호적,JLPT_1 Intermediate_Japanese_Ln.14 JLPT Intermediate_Japanese,JOc{[NV4x8
古代,こだい,고대,JLPT_1 JLPT,s_N1oO.lmA
こたつ,こたつ,코타츠,JLPT_1 JLPT,O}EMl{I]K-
こだわる,こだわる,구애되다·고집하다,JLPT_1 JLPT,Dw-&[Gy8N`
誇張,こちょう,과장,JLPT_1 JLPT,c]NsRC|}O%
こつ,こつ,요령·비결,JLPT_1 JLPT,qPHur}V8b$
滑稽,こっけい,익살스러운·우스꽝스러운,JLPT_1 JLPT,v>_m`mFbvz
国交,こっこう,국교,JLPT_1 JLPT,d-(zI.D]7}
骨董品,こっとうひん,골동품,JLPT_1 JLPT,Dr0mqScf_b
固定,こてい,고정,JLPT_1 JLPT,g$6E|N|S:$
事柄,ことがら,사항·일,JLPT_1 JLPT,F=ad!I0A}O
孤独,こどく,고독,JLPT_1 JLPT,"cT&=x,mI2c"
ことごとく,ことごとく,모조리·전부,JLPT_1 JLPT,dR[Sxf+^Ps
言付け,ことづけ,전갈·말을 전함,JLPT_1 JLPT,kU+Y{Q}2@W
殊に,ことに,특히·각별히,JLPT_1 JLPT,en/8|n9S0h
粉々,こなごな,산산조각·가루가 된,JLPT_1 JLPT,Kmg$=%neFc
好ましい,このましい,바람직한·호감이 가는,JLPT_1 JLPT,x#LKH<P4pQ
碁盤,ごばん,바둑판,JLPT_1 JLPT,zlA@Kkn)Y
個別,こべつ,개별,JLPT_1 JLPT,IS>`l#g_rF
ごまかす,ごまかす,속이다·얼버무리다,JLPT_1 JLPT,p$tB:Q(vZY
細やか,こまやか,세밀한·정교한,JLPT_1 JLPT,w6sGv9Z]7>
コマーシャル,コマーシャル,광고·커머셜,JLPT_1 JLPT,pmxm=&|P?L
込める,こめる,담다·넣다,JLPT_1 JLPT,FCbb2pT+SZ
コメント,コメント,코멘트·의견,JLPT_1 JLPT,cplDpvT[1o
籠もる,こもる,박히다·가득 차다,JLPT_1 JLPT,KBSxgcpn$F
固有,こゆう,고유,JLPT_1 JLPT,yXV:}D_ozd
暦,こよみ,달력·역법,JLPT_1 JLPT,jx:{}3HoK:
凝らす,こらす,집중시키다·응시하다,JLPT_1 JLPT,oJEMYEm^we
ごらんなさい,ごらんなさい,보세요,JLPT_1 JLPT,N1BBvCZ=AZ
孤立,こりつ,고립,JLPT_1 JLPT,xYDSYkNe4i
懲りる,こりる,데이다·혼나다,JLPT_1 JLPT,vbJg<?=y%j
凝る,こる,엉기다·열중하다,JLPT_1 JLPT,p)T=z%i7F[
根気,こんき,끈기,JLPT_1 JLPT,GDCM!r*##2
根拠,こんきょ,근거,JLPT_1 JLPT,Grg-T-@C<M
混血,こんけつ,혼혈,JLPT_1 JLPT,saDmLPZfe~
コンタクトレンズ,コンタクトレンズ,콘택트 렌즈,JLPT_1 JLPT,DU{l0`Yee%
昆虫,こんちゅう,곤충,JLPT_1 JLPT,P^F+-mx?ec
根底,こんてい,근저·뿌리,JLPT_1 JLPT,g6v%#_YbHK
混同,こんどう,혼동,JLPT_1 JLPT,"M?|],Xch]L"
コントラスト,コントラスト,대비·대조,JLPT_1 JLPT,m2RkdF5Kfg
コントロール,コントロール,컨트롤·조절,JLPT_1 JLPT,hZ|i&d%@k8
コンパス,コンパス,컴퍼스·나침반,JLPT_1 JLPT,L6kv/h{mWx
根本,こんぽん,근본·뿌리,JLPT_1 JLPT,I>Va~AQW*%
財,ざい,부·재물,JLPT_1 JLPT,Lg^]^#Fui$
再会,さいかい,재회,JLPT_1 JLPT,nK{EZH)j58
災害,さいがい,재해,JLPT_1 JLPT,s/:E%{jbbX
細菌,さいきん,세균,JLPT_1 JLPT,I!s+/_djx3
細工,さいく,세공·공작,JLPT_1 JLPT,ouX.|>$33M
採掘,さいくつ,채굴,JLPT_1 JLPT,Qb&n#ag5.U
サイクル,サイクル,사이클·주기,JLPT_1 JLPT,CwR.:*^K)]
採決,さいけつ,표결,JLPT_1 JLPT,dGyNtnPzfu
再建,さいけん,재건,JLPT_1 JLPT,oY^(hGDwBB
再現,さいげん,재현,JLPT_1 JLPT,j$Iu*3{(HU
財源,ざいげん,재원,JLPT_1 JLPT,gD`:Vm3DD=
在庫,ざいこ,재고,JLPT_1 JLPT,I`6&P}MLhB
採算,さいさん,채산·수지타산,JLPT_1 JLPT,z3sqnTBL(n
サイズ,サイズ,사이즈·크기,JLPT_1 JLPT,J0]k_!eDR<
再生,さいせい,재생,JLPT_1 JLPT,hGl1Th{bx@
財政,ざいせい,재정,JLPT_1 JLPT,PbUztxpH:]
最善,さいぜん,최선,JLPT_1 JLPT,M-1H]L<~pq
採択,さいたく,채택,JLPT_1 JLPT,e+cLZEXhDr
栽培,さいばい,재배,JLPT_1 JLPT,uC68c<~cH)
再発,さいはつ,재발,JLPT_1 JLPT,CS^Rshk:|8
細胞,さいぼう,세포,JLPT_1 JLPT,CzyHns{dm!
採用,さいよう,채용,JLPT_1 JLPT,"vMLF5(iO,d"
遮る,さえぎる,가로막다·차단하다,JLPT_1 JLPT,QMaal]q?M$
さえずる,さえずる,지저귀다,JLPT_1 JLPT,r@Q>;L$}V-
冴える,さえる,맑아지다·선명해지다,JLPT_1 JLPT,F_K.fXalP!
竿,さお,장대·대,JLPT_1 JLPT,v^.R1:=Y[p
栄える,さかえる,번영하다·번창하다,JLPT_1 JLPT,w`<;(n%DdJ
差額,さがく,차액,JLPT_1 JLPT,gAXt@5CeYh
杯,さかずき,술잔,JLPT_1 JLPT,QIw#3oSw.:
逆立ち,さかだち,물구나무서기,JLPT_1 JLPT,ec~&YKW}51
先に,さきに,이전에·앞서,JLPT_1 JLPT,uh`5:/)TWv
詐欺,さぎ,사기,JLPT_1 JLPT,w6]yB.g{E!
削減,さくげん,삭감,JLPT_1 JLPT,k7zRyZ_D=o
錯誤,さくご,착오,JLPT_1 JLPT,IDfkC-Cw&L
作戦,さくせん,작전,JLPT_1 JLPT,s$Xs?1nQ+e
叫び,さけび,외침·비명,JLPT_1 JLPT,nqYX]L]Y*r
捧げる,ささげる,바치다,JLPT_1 JLPT,KhanDj}|vd
差し掛かる,さしかかる,다다르다·접어들다,JLPT_1 JLPT,IM%WW[zOZk
指図,さしず,지시·지도,JLPT_1 JLPT,N1]Ah`4~bh
差し出す,さしだす,내밀다·제출하다,JLPT_1 JLPT,A&xf;%;bo<
差し支える,さしつかえる,지장이 있다·방해되다,JLPT_1 JLPT,ve>x:VMBVJ
授ける,さずける,수여하다·가르치다,JLPT_1 JLPT,h.+pAO9bEu
摩する,さする,문지르다·비비다,JLPT_1 JLPT,yQu&Wz5|+#
さぞ,さぞ,아마·분명,JLPT_1 JLPT,FE`C@V&t[f
定まる,さだまる,정해지다·안정되다,JLPT_1 JLPT,"Ly=j.,,]V@"
定める,さだめる,정하다·결정하다,JLPT_1 JLPT,MNqx6`F)B2
座談会,ざだんかい,좌담회,JLPT_1 JLPT,d!+{3%PNo}
雑,ざつ,잡스러운·거친,JLPT_1 JLPT,PqMu^a?1a^
雑貨,ざっか,잡화,JLPT_1 JLPT,r5VCxxHAy|
殺人,さつじん,살인,JLPT_1 JLPT,tM%DouVsND
察する,さっする,헤아리다·짐작하다,JLPT_1 JLPT,LGG(>{BjoV
雑談,ざつだん,잡담,JLPT_1 JLPT,DK#>y3UE4B
さっと,さっと,휙·재빨리,JLPT_1 JLPT,EKYb(VaO4Q
さっぱりする,さっぱりする,산뜻하게 하다·상쾌하다,JLPT_1 JLPT,H|ANTa=Wl{
悟る,さとる,깨닫다,JLPT_1 JLPT,v:Q4euCfA7
最中,さなか,한창·한중간,JLPT_1 JLPT,A!j+&nF3Wn
座標,ざひょう,좌표,JLPT_1 JLPT,B0L0!.A0?}
さほど,さほど,그리·별로,JLPT_1 JLPT,Eqh)/a:JaN
サボる,サボる,땡땡이치다·게으름 피우다,JLPT Genki_Ln.11 Intermediate_Japanese JLPT_1 Intermediate_Japanese_Ln.13 Genki,AVLvOaz~KF
様,さま,모양·상태·~님,JLPT_1 JLPT Intermediate_Japanese Intermediate_Japanese_Ln.11,lj0_)hI7Ez
寒気,さむけ,오한·추위,JLPT_1 JLPT,N#;$qw^KPE
侍,さむらい,사무라이·무사,JLPT_1 JLPT Intermediate_Japanese_Ln.7 Intermediate_Japanese,g}?p(/xug4
さも,さも,마치·정말로,JLPT_1 JLPT,Gm-[^5Ln&h
作用,さよう,작용,JLPT_1 JLPT,"Oof8u=,|uS"
さらう (こどもを～),さらう,납치하다·가로채다,JLPT_1 JLPT,B@RtBWjh/W
障る,さわる,방해가 되다·해롭다,JLPT_1 JLPT,Di(J(kaH;V
酸,さん,산,JLPT_1 JLPT,k/LaLYL|r#
山岳,さんがく,산악,JLPT_1 JLPT,nJs0S#DzgO
参議院,さんぎいん,참의원,JLPT_1 JLPT,O7n.x?;S]&
産休,さんきゅう,출산 휴가,JLPT_1 JLPT,k`Pzt}i$UW
サンキュー,サンキュー,고맙습니다,JLPT_1 JLPT,rQ2myGNLp<
残金,ざんきん,잔금·잔액,JLPT_1 JLPT,E</lr>b527
産後,さんご,산후,JLPT_1 JLPT,"Pge/h!,u.x"
残酷,ざんこく,잔혹,JLPT_1 JLPT,snLE.]5(UV
産出,さんしゅつ,산출,JLPT_1 JLPT,AItAE0vKn;
参照,さんしょう,참조,JLPT_1 JLPT,Q=29PP)W-_
参上,さんじょう,방문·찾아뵘,JLPT_1 JLPT,w#SP~u0yM;
残高,ざんだか,잔고·잔액,JLPT_1 JLPT,K4gXaj[Vyi
サンタクロース,サンタクロース,산타클로스,JLPT_1 JLPT Intermediate_Japanese_Ln.8 Intermediate_Japanese,f/QC`5/{Un
桟橋,さんばし,잔교·부두,JLPT_1 JLPT,qY2!_v~;bZ
賛美,さんび,찬미,JLPT_1 JLPT,e.-RuHb{48
山腹,さんぷく,산 중턱,JLPT_1 JLPT,o2ZZ0`v<eS
産婦人科,さんふじんか,산부인과,JLPT_1 JLPT,C-(.5yIOQP
産物,さんぶつ,산물·결과,JLPT_1 JLPT,E~s#%JNaV$
山脈,さんみゃく,산맥,JLPT_1 JLPT,x1O?:5^y|C
仕上がり,しあがり,마무리·완성된 상태,JLPT_1 JLPT,yea;?+baU4
仕上,しあげ,마무리,JLPT_1 JLPT,oEx[)E@iYE
仕上げる,しあげる,마무리하다·완성하다,JLPT_1 JLPT,hK4h`Zw:aS
飼育,しいく,사육,JLPT_1 JLPT,e5/Z)LI]cr
強いて,しいて,굳이·억지로,JLPT_1 JLPT,Bomwd0N#[6
シート,シート,시트·좌석,JLPT_1 JLPT,u]dm-2Z@p[
ジーパン,ジーパン,청바지,JLPT_1 JLPT,HXr(ew@{F#
仕入れる,しいれる,매입하다·사들이다,JLPT_1 JLPT,IFIIG{$W)<
強いる,しいる,강요하다,JLPT_1 JLPT,mim3NgV!o^
潮,しお,조수·밀물과 썰물,JLPT_1 JLPT,bk[V+Gm9:@
歯科,しか,치과,JLPT_1 JLPT,OAZ`Wrx_o9
自我,じが,자아,JLPT_1 JLPT,b-m;dw=d{Y
自覚,じかく,자각,JLPT_1 JLPT,i/]v!LT[`[
仕掛,しかけ,장치·구조,JLPT_1 JLPT,Jsems8J4`^
仕掛ける,しかける,걸다·시작하다·장치하다,JLPT_1 JLPT,Ac40<_hm$3
しかしながら,しかしながら,그렇지만·하지만,JLPT_1 JLPT,Hq^C6[L3R8
色彩,しきさい,색채,JLPT_1 JLPT,G$Z8Bsx{4U
式場,しきじょう,식장,JLPT_1 JLPT,rHP.1FI!Xg
しきたり,しきたり,관습·관례,JLPT_1 JLPT,sw_]y<P?Kn
事業,じぎょう,사업,JLPT_1 JLPT,A#sQ/bEEtj
軽蔑,けいべつ,경멸,JLPT_1 JLPT,"lOS,!wvUe["
経歴,けいれき,경력,JLPT_1 JLPT,D*n(@DRyq`
経路,けいろ,경로,JLPT_1 JLPT,AQ(D;C-S!0
けがらわしい,けがらわしい,추잡한·불결한,JLPT_1 JLPT,lJNQ&9#g@p
劇団,げきだん,극단,JLPT_1 JLPT,%y17:4{hj
激励,げきれい,격려,JLPT_1 JLPT,C6/gh1N08I
ゲスト,ゲスト,게스트·손님,JLPT_1 JLPT,lW>d7fCUoL
獣,けだもの,짐승,JLPT_1 JLPT,"o.IW_<j!,1"
決,けつ,결·결정,JLPT_1 JLPT,h7W;[eV_6*
決意,けつい,결의,JLPT_1 JLPT,Gg{:k%<AT6
結核,けっかく,결핵,JLPT_1 JLPT,dB99/5N;ta
決議,けつぎ,결의,JLPT_1 JLPT,tcKhTpRM%o
結合,けつごう,결합,JLPT_1 JLPT,Q*@FzK(@81
決算,けっさん,결산,JLPT_1 JLPT,z2iqWC-nB~
月謝,げっしゃ,월사금,JLPT_1 JLPT,t[*0i:*.#i
決勝,けっしょう,결승,JLPT_1 JLPT,NFjb:+3q7*
結晶,けっしょう,결정,JLPT_1 JLPT,x*(Q^EE$u3
結成,けっせい,결성,JLPT_1 JLPT,c_%F>ZhYyr
結束,けっそく,결속,JLPT_1 JLPT,JdP5@BTWkb
げっそり,げっそり,홀쭉해짐·낙담함,JLPT_1 JLPT,EtlnVvKbZd
決断,けつだん,결단,JLPT_1 JLPT,w;j;5-!>6(
月賦,げっぷ,월부,JLPT_1 JLPT,I{X4ZTn7X9
欠乏,けつぼう,결핍,JLPT_1 JLPT,x8kzLzQh~#
蹴飛ばす,けとばす,걷어차다,JLPT_1 JLPT,b5){X3eg^W
けなす,けなす,깎아내리다·헐뜯다,JLPT_1 JLPT,BA]o8V-nRc
煙たい,けむたい,거북한·연기 나는,JLPT_1 JLPT,M_8T~aeKk.
煙る,けむる,연기 나다·흐릿하다,JLPT_1 JLPT,"O+^L$,-au7"
獣,けもの,짐승,JLPT_1 JLPT,q-7J3|/7Vg
家来,けらい,가신·하인,JLPT_1 JLPT,n|b=[)XZ>2
下痢,げり,설사,JLPT_1 JLPT Intermediate_Japanese_Ln.12 Intermediate_Japanese,D94n#KX+u`
権威,けんい,권위,JLPT_1 JLPT,lZZG^l>c$z
兼業,けんぎょう,겸업,JLPT_1 Intermediate_Japanese_Ln.14 JLPT Intermediate_Japanese,x9DFE@YYzp
原形,げんけい,원형,JLPT_1 JLPT,"y2|y)U#`,-"
原型,げんけい,원형·모델,JLPT_1 JLPT,"d5x_w+I&U,"
権限,けんげん,권한,JLPT_1 JLPT,wsBe&qWS]u
現行,げんこう,현행,JLPT_1 JLPT,cB#>jxDt}]
健在,けんざい,건재한,JLPT_1 JLPT,K?xI8~wHA>
原作,げんさく,원작,JLPT_1 JLPT,"K<e+,WSWtr"
検事,けんじ,검사,JLPT_1 JLPT,H[xn?@;-+x
原子,げんし,원자,JLPT_1 JLPT,"b[T}G,9]G?"
元首,げんしゅ,원수·군주,JLPT_1 JLPT,cJ-$.|^5r+
原書,げんしょ,원서,JLPT_1 JLPT,wBia;+PSDE
懸賞,けんしょう,현상·현상금,JLPT_1 JLPT,B7|NMN9B[B
健全,けんぜん,건전한,JLPT_1 JLPT,u-bm~%/EH(
元素,げんそ,원소,JLPT_1 JLPT,B2tvGhK[&9
同調,どうちょう,동조·찬성,JLPT_1 JLPT,n#0+>4}sN5
到底,とうてい,도저히·도대체,JLPT_1 JLPT,C.#O<.PWZ+
動的,どうてき,동적인,JLPT_1 JLPT,k^9j&Q>>|N
尊い,とうとい,귀중한·존귀한,JLPT_1 JLPT,o/:X}@s/ud
貴い,とうとい,귀중한·존귀한,JLPT_1 JLPT,uE?!53}hB@
同等,どうとう,동등,JLPT_1 JLPT,sS(wNIrQN<
堂々,どうどう,당당한,JLPT_1 JLPT,O@p/U*&n{h
尊ぶ,とうとぶ,존중하다·공경하다,JLPT_1 JLPT,NH2!B2Yh2E
どうにか,どうにか,어떻게든,JLPT_1 JLPT,l_xfmqX[ub
投入,とうにゅう,투입,JLPT_1 JLPT,mwsjMMb<d>
導入,どうにゅう,도입,JLPT_1 JLPT Intermediate_Japanese_Ln.12 Intermediate_Japanese,m1+j$HqcF;
当人,とうにん,당사자·본인,JLPT_1 JLPT,l]4=/bCF3a
同封,どうふう,동봉,JLPT_1 JLPT,hnY+6g21h_
逃亡,とうぼう,도망,JLPT_1 JLPT,qqqC#4{p[V
冬眠,とうみん,동면,JLPT_1 JLPT,"B+T>Lb-B&,"
同盟,どうめい,동맹,JLPT_1 JLPT,oBig^AFvC5
どうやら,どうやら,아무래도·간신히,JLPT_1 JLPT,LZH$.!k~sm
動力,どうりょく,동력,JLPT_1 JLPT,gcbdGzw%jw
登録,とうろく,등록,JLPT_1 JLPT,w(]v<(of^0
討論,とうろん,토론,JLPT_1 JLPT Intermediate_Japanese_Ln.15 Intermediate_Japanese,ft/}AOp*ZE
遠ざかる,とおざかる,멀어지다,JLPT_1 JLPT,nANBsXm^[4
遠回り,とおまわり,멀리 돌아감·우회,JLPT_1 JLPT,u;(Y+10j3P
トーン,トーン,톤·어조,JLPT_1 JLPT,O1)Y~lZnk@
とかく,とかく,어쨌든·여하튼,JLPT_1 JLPT,Jhr>yBj`X[
とがめる,とがめる,책망하다·비난하다,JLPT_1 JLPT,tCyhd<KEBb
時折,ときおり,때때로·가끔,JLPT_1 JLPT,cBC8l)@|Bd
とぎれる,とぎれる,끊기다,JLPT_1 JLPT,M`gmYE]A0;
研ぐ,とぐ,갈다·닦다,JLPT_1 JLPT,lUJgFysD==
特技,とくぎ,특기,JLPT_1 JLPT Intermediate_Japanese_Ln.8 Intermediate_Japanese,"iyF,MXDXX4"
独裁,どくさい,독재,JLPT_1 JLPT,"c+G[A,i*M0"
特産,とくさん,특산물,JLPT_1 JLPT,Cyr8}5s:<j
独自,どくじ,독자적인,JLPT_1 JLPT,iCBdeKS#GI
特集,とくしゅう,특집,JLPT_1 JLPT,wi!>SN]gEF
独占,どくせん,독점,JLPT_1 JLPT,j~8Pw]-mt@
独創,どくそう,독창,JLPT_1 JLPT,gXnxl+EiHr
得点,とくてん,득점,JLPT_1 JLPT,"u`t,J1?=>5"
特派,とくは,특파,JLPT_1 JLPT,HzEPo`9b]p
特有,とくゆう,특유,JLPT_1 JLPT,s!rvO*5;{%
とげ,とげ,가시,JLPT_1 JLPT,hJ#iZ92?#q
遂げる,とげる,이루다·성취하다,JLPT_1 JLPT,xrXbhn4rr4
～どころか,～どころか,~은커녕,JLPT_1 JLPT,EHH{[82H7I
年頃,としごろ,나이 때·적령기,JLPT_1 JLPT,etGaTJBp9c
戸締り,とじまり,문단속,JLPT_1 JLPT,br8:Ms=|$#
途上,とじょう,도중,JLPT_1 JLPT,u0JdXEY0c~
土台,どだい,토대,JLPT_1 JLPT,cvkea1V_|{
途絶える,とだえる,끊기다·두절되다,JLPT_1 JLPT,G6Wu+!]SF@
特許,とっきょ,특허,JLPT_1 JLPT,y;*Z>uq]4W
特権,とっけん,특권,JLPT_1 JLPT,k%B0csu$EA
とっさに,とっさに,순간적으로·즉시,JLPT_1 JLPT,q}5LIfDsGB
突如,とつじょ,돌연·갑자기,JLPT_1 JLPT,vs{$6V?ZhH
とって,とって,손잡이,JLPT_1 JLPT,G05L%<Kvt?
突破,とっぱ,돌파,JLPT_1 JLPT,BUU#!_nB`?
土手,どて,제방·둑,JLPT_1 JLPT,P7Y3[uoFO/
届,とどけ,신고·신고서,JLPT_1 JLPT,k&rtuoJHn+
滞る,とどこおる,정체되다·지체되다,JLPT_1 JLPT,K*Hz>u1V/7
整える,ととのえる,조절하다·정돈하다·마련하다,JLPT_1 JLPT,yz)tg)bvJH
止める,とどめる,그치다·멈추다·머무르게 하다,JLPT_1 JLPT,IgE:xC]C-g
唱える,となえる,주창하다·읊다,JLPT_1 JLPT,Gg`8L(I3?q
殿様,とのさま,영주·어르신,JLPT_1 JLPT,xjLi|(N)Y!
土俵,どひょう,씨름판 (도표),JLPT_1 JLPT,kt7if2NoDZ
扉,とびら,문·속표지,JLPT_1 JLPT,I24=_qRNG{
溝,どぶ,도랑·시궁창,JLPT_1 JLPT,Hzol[}&YZl
徒歩,とほ,도보,JLPT_1 JLPT,Fjm7hAD%fu
土木,どぼく,토목,JLPT_1 JLPT,jgd#[Gmw^^
とぼける,とぼける,시치미 떼다·얼빠진 짓을 하다,JLPT_1 JLPT,HA39$4<O7S
乏しい,とぼしい,부족한·가난한,JLPT_1 JLPT,"wt#tsoF,$N"
富,とみ,부·재산,JLPT_1 JLPT,kl&?2R4Ul?
富む,とむ,풍부하다·부유하다,JLPT_1 JLPT,Q?~wK|+t|p
共稼ぎ,ともかせぎ,맞벌이,JLPT_1 JLPT,"K<|&apg,,5"
伴う,ともなう,동반하다·수반하다,JLPT_1 JLPT,ntk-`u.Caj
共働き,ともばたらき,맞벌이,JLPT_1 Intermediate_Japanese_Ln.14 JLPT Intermediate_Japanese,KsJK.WMk9k
ドライ,ドライ,드라이·건조한,JLPT_1 JLPT,uyF82nwuCT
ドライクリーニング,ドライクリーニング,드라이클리닝,JLPT_1 JLPT,hI<4F;7$M(
ドライバー,ドライバー,드라이버,JLPT_1 JLPT,JR*AC1{b!P
ドライブイン,ドライブイン,드라이브인,JLPT_1 JLPT,lGQ5H]umJ
トラブル,トラブル,트러블·분쟁,JLPT_1 JLPT,fF~?5;]hHp
トランジスター,トランジスター,트랜지스터,JLPT_1 JLPT,G8*[Jm%i5[
とりあえず,とりあえず,우선·당분간,JLPT_1 JLPT,"A3E,EB~Q2G"
取扱,とりあつかい,취급,JLPT_1 JLPT,rBTr^DU*Cx
取り扱う,とりあつかう,취급하다·다루다,JLPT_1 JLPT,f<xt2FJB#W
鳥居,とりい,토리이,JLPT_1 JLPT,bwgFGu0jgU
取り替え,とりかえ,교체,JLPT_1 JLPT,"LmK#s,9;im"
取り組む,とりくむ,맞붙다·몰두하다,JLPT_1 JLPT,FUhxb`Icnx
取締り,とりしまり,단속,JLPT_1 JLPT,Nn_#J1j`cb
取り締まる,とりしまる,단속하다·관리하다,JLPT_1 JLPT,u>YtS}dO87
取り調べる,とりしらべる,조사하다·심문하다,JLPT_1 JLPT,"lTv.J/i,RR"
取り立てる,とりたてる,징수하다·발탁하다,JLPT_1 JLPT,u]pjW8@;4G
取り次ぐ,とりつぐ,중개하다·전하다·접수하다,JLPT_1 JLPT,h81vV]thLx
取り付ける,とりつける,설치하다·확정하다,JLPT_1 JLPT,OLVn)Sl<l<
取り除く,とりのぞく,제거하다·없애다,JLPT_1 JLPT,hNl.|rVPKI
取引,とりひき,거래,JLPT_1 JLPT,QK;D?PC(Iv
取り巻く,とりまく,둘러싸다,JLPT_1 JLPT,E%Fl$NJpIJ
取り混ぜる,とりまぜる,뒤섞다,JLPT_1 JLPT,Bo(wYaa}Ah
取り戻す,とりもどす,되찾다,JLPT_1 JLPT,pPlunQ{V=M
取り寄せる,とりよせる,주문하여 가져오다,JLPT_1 JLPT,M^8;v4K?HH
ドリル,ドリル,드릴·훈련,JLPT_1 JLPT,tLuvrWP-bR
副,とりわけ,유독·특히,JLPT_1 JLPT,I|~T6euZ&R
とろける,とろける,녹다·황홀해지다,JLPT_1 JLPT,zCt%1bEngS
鈍感,どんかん,둔감,JLPT_1 JLPT,AGgv#X94Iv
とんだ,とんだ,엉뚱한·지독한,JLPT_1 JLPT,H?67/UOJ%d
度忘れ,どわすれ,깜빡 잊음,JLPT_1 JLPT,O3@@XzGoQO
問屋,とんや,도매점,JLPT_1 JLPT,L]HWWc9|Rk
内閣,ないかく,내각,JLPT_1 JLPT,y)df|:D=Sq
乃至,ないし,내지·또는,JLPT_1 JLPT,iAOF?Qa_8q
内緒,ないしょ,비밀·내밀함,JLPT_1 JLPT,u~2eY8N1H4
内心,ないしん,내심,JLPT_1 JLPT,qVMnXwPQkx
内蔵,ないぞう,내장,JLPT_1 JLPT,L]Dm~E_?j[
ナイター,ナイター,야간 경기·나이터,JLPT_1 JLPT,w71YMp^g^|
内部,ないぶ,내부,JLPT_1 JLPT,Qc_^Hv.8K<
内乱,ないらん,내란,JLPT_1 JLPT,"nyNNE_],O!"
内陸,ないりく,내륙,JLPT_1 JLPT,G}P5V$Jk?4
苗,なえ,모종·벼의 모,JLPT_1 JLPT,D`y6b-_J-}
なおさら,なおさら,더욱더·한층 더,JLPT_1 JLPT,D3]|seyAVE
流し,ながし,싱크대·개수대,JLPT_1 JLPT,sUm$!Jp0[}
長々,ながなが,길게·오랫동안,JLPT_1 JLPT,OTwM?YMLfQ
中程,なかほど,중간쯤,JLPT_1 JLPT,A)F$iP@]z@
渚,なぎさ,바닷가·물가,JLPT_1 JLPT,zd22=yfA9n
嘆く,なげく,한탄하다·슬퍼하다,JLPT_1 JLPT,ilzJ;<!YjV
投げ出す,なげだす,내던지다·포기하다,JLPT_1 JLPT,vl-:<#dR[!
仲人,なこうど,중매인,JLPT_1 JLPT,kknZLw#*&s
和やか,なごやか,온화한·화기애애한,JLPT_1 JLPT,EbN._V9![%
名残,なごり,흔적·자취,JLPT_1 JLPT,oz>_]^qFZM
情け,なさけ,인정·자비,JLPT_1 JLPT,D|r~;|9R]k
情無い,なさけない,한심한·비참한,JLPT_1 JLPT,N<_jdqMHiS
情深い,なさけぶかい,인정 많은,JLPT_1 JLPT,P:u6w48-M4
詰る,なじる,힐책하다·따지다,JLPT_1 JLPT,m2ug%F|{:P
名高い,なだかい,유명한·이름 높은,JLPT_1 JLPT,CAOqe%9eXa
雪崩,なだれ,눈사태,JLPT_1 JLPT,i|el8n-PMm
懐く,なつく,따르다·길들다,JLPT_1 JLPT,g];Z(M#sXQ
名付ける,なづける,이름 짓다,JLPT_1 JLPT,NJQx_8`$@d
何気ない,なにげない,아무렇지도 않은·무심한,JLPT_1 JLPT,GCR5kv%JGq
なにとぞ,なにとぞ,부디·제발,JLPT_1 JLPT,lQ*Q=lmCB7
なにより,なにより,무엇보다도,JLPT_1 JLPT,Ifj=x)`!7.
ナプキン,ナプキン,냅킨,JLPT_1 JLPT,dY;w6ETO=:
名札,なふだ,명찰,JLPT_1 JLPT,"H,LzU#iC|r"
生臭い,なまぐさい,비린내 나는,JLPT_1 JLPT,vDPDWlb?&h
生温い,なまぬるい,미지근한,JLPT_1 JLPT,G~a-u$_3U#
生身,なまみ,살아 있는 몸·생신,JLPT_1 JLPT,mdk5@{-d$q
鉛,なまり,납,JLPT_1 JLPT,clLq6d~d8L
滑らか,なめらか,매끄러움·유창함,JLPT_1 JLPT,F~B/LW)1su
嘗める,なめる,핥다·얕보다·겪다,JLPT_1 JLPT,"h&h,RaX>m("
悩ましい,なやましい,매혹적인·괴로운·고민스러운,JLPT_1 JLPT,vf@^4N2dLC
悩ます,なやます,괴롭히다,JLPT_1 JLPT,jR2E;(CfhM
悩み,なやみ,고민·괴로움,JLPT_1 JLPT Genki_Ln.19 Genki,"rYH,[!J71-"
並びに,ならびに,및·아울러,JLPT_1 JLPT,Ny*4D`O(3Y
成り立つ,なりたつ,이루어지다·성립하다,JLPT_1 JLPT,m1{^Hc5[&f
なるたけ,なるたけ,될 수 있는 대로,JLPT_1 JLPT,y(q.AD0L#F
慣れ,なれ,익숙해짐·습관,JLPT_1 JLPT,j7[97Xg7/>
馴々しい,なれなれしい,서글서글한·너무 친한 척하는,JLPT_1 JLPT,shT?wsHw[_
～なんか,～なんか,~따위·~같은 건,JLPT_1 JLPT,d.Q@D)R`y/
ナンセンス,ナンセンス,넌센스·무의미함,JLPT_1 JLPT,moW2Xjtt^+
何だか,なんだか,왠지·어쩐지,JLPT_1 JLPT Intermediate_Japanese Intermediate_Japanese_Ln.11,hYSEqVkL.V
なんだかんだ,なんだかんだ,이러쿵저러쿵·이것저것,JLPT_1 JLPT,Hjnd-`9LXB
なんなり,なんなり,무엇이든,JLPT_1 JLPT,w_?<3$dc`X
荷,に,짐,JLPT_1 JLPT,yqk%}[]JXT
似通う,にかよう,서로 닮다,JLPT_1 JLPT,Dm9*/_j8S;
にきび,にきび,여드름,JLPT_1 JLPT,e&g:V:ku_]
賑わう,にぎわう,북적이다·활기를 띠다,JLPT_1 JLPT,g#ovh${-3n
憎しみ,にくしみ,증오·미움,JLPT_1 JLPT,QPkVwq]vjj
肉親,にくしん,육친·혈육,JLPT_1 JLPT,uWXLxRMJ+O
肉体,にくたい,육체,JLPT_1 JLPT,gnN00<v<{9
逃げ出す,にげだす,도망치다,JLPT_1 JLPT,fl)eIr9*lI
西日,にしび,석양·서쪽으로 지는 해,JLPT_1 JLPT,K3I7nq2l;L
滲む,にじむ,번지다·스며 나오다,JLPT_1 JLPT,o9up<Sz=ve
にせ物,にせもの,가짜·모조품,JLPT_1 JLPT,A=&EK6O#1I
日夜,にちや,밤낮·언제나,JLPT_1 JLPT,i%dEbeqYtB
荷造り,にづくり,짐 꾸리기·포장,JLPT_1 JLPT,qOwG&WZKL2
担う,になう,짊어지다·떠맡다,JLPT_1 JLPT,F#SgKxy?S*
鈍る,にぶる,둔해지다·무뎌지다,JLPT_1 JLPT,L.(Z=bmrwj
にも関わらず,にもかかわらず,~임에도 불구하고,JLPT_1 JLPT,KlWPE-D`h0
ニュアンス,ニュアンス,뉘앙스,JLPT_1 JLPT,LUTAFMalyV
ニュー,ニュー,뉴·새로운,JLPT_1 JLPT,"Gfvoid,rAZ"
入手,にゅうしゅ,입수,JLPT_1 JLPT,KYs]w;nq{f
入賞,にゅうしょう,입상,JLPT_1 JLPT,"QQ,s.4v3{f"
入浴,にゅうよく,입욕·목욕,JLPT_1 JLPT,K$j=e4Tdlp
尿,にょう,소변·뇨,JLPT_1 JLPT,jT5|c!zG9i
認識,にんしき,인식,JLPT_1 JLPT,"sX|,Qiq}<w"
妊娠,にんしん,임신,JLPT_1 JLPT,j|`SG%:20Y
任務,にんむ,임무,JLPT_1 JLPT,h6lc;]{2nu
任命,にんめい,임명,JLPT_1 JLPT,En]Zo|mh[y
抜かす,ぬかす,빼먹다·생략하다,JLPT_1 JLPT,B_-9.@R#h`
抜け出す,ぬけだす,빠져나가다·살짝 도망치다,JLPT_1 JLPT,pLSh/TV^OR
主,ぬし,주인·임자,JLPT_1 JLPT Intermediate_Japanese_Ln.13 Intermediate_Japanese,f$iPQS#{]6
沼,ぬま,늪,JLPT_1 JLPT,q-TqHFf#eJ
音色,ねいろ,음색,JLPT_1 JLPT,C=~bfd:qmo
値打ち,ねうち,가치·값어치,JLPT_1 JLPT,s_}27&HmzM
ネガ,ネガ,네거티브·네가,JLPT_1 JLPT,tRtoeF@*NA
寝かせる,ねかせる,재우다·눕히다·발효시키다,JLPT_1 JLPT,i8aC;^zTA&
ねじまわし,ねじまわし,나사돌개·드라이버,JLPT_1 JLPT,lC3$+z.Dp9
捩れる,ねじれる,비틀리다·뒤틀리다,JLPT_1 JLPT,Shp4gNU#M
妬む,ねたむ,시기하다·질투하다,JLPT_1 JLPT,LkwOsP2luZ
ねだる,ねだる,조르다,JLPT_1 JLPT,bqJI({hGlV
熱意,ねつい,열의,JLPT_1 JLPT,rd11dz%oP<
熱湯,ねっとう,열탕·끓는 물,JLPT_1 JLPT,yBQ@*k[rMd
熱量,ねつりょう,열량,JLPT_1 JLPT,yVC<gDS.Nb
粘り,ねばり,끈기,JLPT_1 JLPT,BvIS%RjDgh
粘る,ねばる,끈적거리다·버티다,JLPT_1 JLPT,q5idXyJ?~3
値引き,ねびき,할인·가격 인하,JLPT_1 JLPT,ppHz}aRok7
根回し,ねまわし,사전 교섭·밑작업,JLPT_1 JLPT,k|jB&4ScOn
眠たい,ねむたい,졸린,JLPT_1 JLPT,A:U[i:g3Mu
練る,ねる,반죽하다·다듬다·짜다,JLPT_1 JLPT,OcA{._U(He
念,ねん,생각·일념·주의,JLPT_1 JLPT,uVWX2{yDLk
年賀,ねんが,신년 하례·연하장,JLPT_1 JLPT,P$?kkzx-4;
念願,ねんがん,염원,JLPT_1 JLPT,N2]ye^.%%-
年号,ねんごう,연호,JLPT_1 JLPT,bLo0`T)GZr
燃焼,ねんしょう,연소,JLPT_1 JLPT,zKpI9!^gxJ
年長,ねんちょう,연장·고령,JLPT_1 JLPT,L5;%C?!rKM
燃料,ねんりょう,연료,JLPT_1 JLPT,rltcX_fvi[
年輪,ねんりん,나이테,JLPT_1 JLPT,b+fwXle>0o
ノイローゼ,ノイローゼ,노이로제,JLPT_1 JLPT,"J+@dVGG,?/"
農耕,のうこう,농경,JLPT_1 JLPT,s|V;EQ<DFG
農場,のうじょう,농장,JLPT_1 JLPT,f{r<5W&Bpu
農地,のうち,농지,JLPT_1 JLPT,gFlV*(m#WE
納入,のうにゅう,납입,JLPT_1 JLPT,K9YdM1s/F>
逃す,のがす,놓치다,JLPT_1 JLPT,cfjj1lW1R
逃れる,のがれる,벗어나다·면하다,JLPT_1 JLPT,ur0/yS?G.F
軒並,のきなみ,집집마다·일제히,JLPT_1 JLPT,gYh0C^=J<1
望ましい,のぞましい,바람직한,JLPT_1 JLPT,O~bUfdZRZc
乗っ取る,のっとる,빼앗다·가로채다·점거하다,JLPT_1 JLPT,D>275*`Xs9
のどか,のどか,화창한·평온한,JLPT_1 JLPT,IT.<Z@]SZ.
罵る,ののしる,욕설을 퍼붓다·매도하다,JLPT_1 JLPT,o]7]HcCGpH
延べ,のべ,합계·연인원,JLPT_1 JLPT,Eb3R}G~vq&
飲み込む,のみこむ,삼키다·납득하다,JLPT_1 JLPT Intermediate_Japanese_Ln.12 Intermediate_Japanese,fwLCsj3c:^
乗り込む,のりこむ,타다·올라타다·몰려 들어가다,JLPT_1 JLPT,"P^t~AIQ,:b"
刃,は,칼날·날,JLPT_1 JLPT,s8NuMFbIpb
～派,～は,파·정파,JLPT_1 JLPT,qMeKLND8O$
バー,バー,바·술집,JLPT_1 JLPT,xD;./&*C~}
把握,はあく,파악,JLPT_1 JLPT,DFve{Ag1B(
パート,パート,파트타임·아르바이트,JLPT_1 JLPT Intermediate_Japanese_Ln.8 Intermediate_Japanese,OK)Lf1Yk5g
廃棄,はいき,폐기,JLPT_1 JLPT,"t,]x!4!SsB"
配給,はいきゅう,배급,JLPT_1 JLPT,BIJAh&96+q
ばい菌,ばいきん,세균,JLPT_1 JLPT,F@%B4+?fE|
配偶者,はいぐうしゃ,배우자,JLPT_1 JLPT,j5as3|4RM2
拝啓,はいけい,배계 (삼가 아룁니다),Intermediate_Japanese_Ln.4 JLPT_1 JLPT Intermediate_Japanese,+.sAx2wLV
背景,はいけい,배경,JLPT_1 JLPT,B;EWwcKw8a
背後,はいご,배후·뒤편,JLPT_1 JLPT,"l$UvE^.,2i"
廃止,はいし,폐지,JLPT_1 JLPT,"D{,71BeMS8"
拝借,はいしゃく,빌림 (겸양어),JLPT_1 JLPT,"w!,O.|Pr}V"
排除,はいじょ,배제,JLPT_1 JLPT,"e(cIaHsE,F"
賠償,ばいしょう,배상,JLPT_1 JLPT,i0;;9:0(Yb
排水,はいすい,배수,JLPT_1 JLPT,CI{]`I5(&E
敗戦,はいせん,패전,JLPT_1 JLPT,JSMF6y%Lj~
配置,はいち,배치,JLPT_1 JLPT,wZ<r/Id^hw
配布,はいふ,배포,JLPT_1 JLPT,j3UYv2B1e{
配分,はいぶん,배분,JLPT_1 JLPT,sPEejO/d9<
敗北,はいぼく,패배,JLPT_1 JLPT,=90:_^P$k
倍率,ばいりつ,배율,JLPT_1 JLPT,h`ahPtUY;b
配慮,はいりょ,배려,JLPT_1 JLPT,poW=.ChJSm
配列,はいれつ,배열,JLPT_1 JLPT,cC<!?;J:<g
破壊,はかい,파괴,JLPT_1 JLPT,v!Zp^6YAqE
いたわる,いたわる,돌보다·위로하다,JLPT_1 JLPT,wcGai|q>xT
一概に,いちがいに,일괄적으로·단정적으로,JLPT_1 JLPT,hLV>poM3Dq
著しい,いちじるしい,현저한·두드러진,JLPT_1 JLPT,"kPPz=m,gRR"
一同,いちどう,일동,JLPT_1 JLPT,O|v*CB_J$V
一部分,いちぶぶん,일부분,JLPT_1 JLPT,kC:AyoQ(VZ
一別,いちべつ,작별·일별,JLPT_1 JLPT,P}9Ns5lV8E
一面,いちめん,일면·한쪽 면,JLPT_1 JLPT,Nx0OsZUH*E
一目,いちもく,일목·한눈,JLPT_1 JLPT,saAg*cc00y
一様,いちよう,일양·한결같음,JLPT_1 JLPT,4Npj$}s^v
一律,いちりつ,일률·일제히,JLPT_1 JLPT,s7Bp#3`c^s
一連,いちれん,일련,JLPT_1 JLPT,"K`?fU[;],#"
一括,いっかつ,일괄,JLPT_1 JLPT,hhovzuJKNB
一気,いっき,단숨에·한꺼번에,JLPT_1 JLPT,CgBD$%2<51
一挙に,いっきょに,일거에·단번에,JLPT_1 JLPT,F:IKX%#S}~
一見,いっけん,한번 봄·첫 대면,JLPT_1 JLPT,NZ6>sHobC*
一切,いっさい,일체·전부,JLPT_1 JLPT,v}WLTgJ@1I
一心,いっしん,일심·전심전력,JLPT_1 JLPT,cClq^_-/LZ
いっそ,いっそ,차라리·도리어,JLPT_1 JLPT,Ii]&B%6J^H
一変,いっぺん,일변·돌변,JLPT_1 JLPT,ek#.`h}8]>
意図,いと,의도,JLPT_1 JLPT,"Nv%*-6B!(,"
営む,いとなむ,(사업을) 영위하다·경영하다,JLPT_1 JLPT,DwKEu03*|H
挑む,いどむ,도전하다,JLPT_1 JLPT,c_-t#iEGZZ
稲光,いなびかり,번개·번갯불,JLPT_1 JLPT,c#^JVd1}UB
祈り,いのり,기도,JLPT_1 JLPT,Ma]tANx6d6
いびき,いびき,코골이,JLPT_1 JLPT,C/{&bugX+}
今更,いまさら,이제 와서·새삼스럽게,JLPT_1 JLPT,hj*29Ug#1R
未だ,いまだ,아직,JLPT_1 JLPT,p:dli@Jl!z
移民,いみん,이민,JLPT_1 JLPT,CLJ[Ns`Z6Z
嫌々,いやいや,마지못해·싫어싫어,JLPT_1 JLPT,QjHKtey?XJ
卑しい,いやしい,천한·야비한,JLPT_1 JLPT,vBh9gD/$!+
いやに,いやに,묘하게·지독하게,JLPT_1 JLPT,qpdLL_V*P#
いやらしい,いやらしい,불쾌한·추잡한,JLPT_1 JLPT,D<T6@Y-YD4
意欲,いよく,의욕,JLPT_1 JLPT,Fq(`u%{Obm
威力,いりょく,위력,JLPT_1 JLPT,r5er8dT<)9
衣類,いるい,의류,JLPT_1 JLPT,QbNSCWqQ4!
異論,いろん,이론·이견,JLPT_1 JLPT,A?E^7mu[K@
印鑑,いんかん,인감·도장,JLPT_1 JLPT,cTR~#z|<0M
陰気,いんき,음침함·우울함,JLPT_1 JLPT,A-+&-Fy%1r
隠居,いんきょ,은거,JLPT_1 JLPT,b^vje[Ox#X
インターチェンジ,インターチェンジ,인터체인지·나들목,JLPT_1 JLPT,"rBKXdv$/G,"
インターナショナル,インターナショナル,인터내셔널·국제적인,JLPT_1 JLPT,JmV&U~p0X$
インターフォン,インターフォン,인터폰,JLPT_1 JLPT,AO3rDw-;8U
インテリ,インテリ,인텔리·지식인,JLPT_1 JLPT,piGc%@]7]l
インフォメーション,インフォメーション,인포메이션·정보,JLPT_1 JLPT,KO4Fli5w!*
インフレ,インフレ,인플레·인플레이션,JLPT_1 JLPT,QC}1+m@@J*
受かる,うかる,합격하다·붙다,JLPT_1 JLPT,gIq*pkmfp{
受け入れ,うけいれ,수용·받아들임,JLPT_1 JLPT,j&5piEC:H:
受け入れる,うけいれる,받아들이다,JLPT_1 JLPT,i_JCrJB_9E
受け継ぐ,うけつぐ,계승하다·이어받다,JLPT_1 JLPT,x6H#Y*OpNS
受け付ける,うけつける,접수하다·받아들이다,JLPT_1 JLPT,wJiQ/5Nn/x
受け止める,うけとめる,받아내다·받아들이다,JLPT_1 JLPT,kQB/rB@6#x
受身,うけみ,수동·피동,JLPT_1 JLPT,AB05ev+c>K
受持ち,うけもち,담당·맡은 바,JLPT_1 JLPT,"DiB3?u$z,A"
動き,うごき,움직임·동향,JLPT_1 JLPT,u]mcX[(LyK
埋める,うずめる,메우다·묻다,JLPT_1 JLPT,s1}PR|XGjV
嘘つき,うそつき,거짓말쟁이,JLPT_1 JLPT,huy&f$4B!!
うたた寝,うたたね,꾸벅꾸벅 졸음,JLPT_1 JLPT,g>}T9.Ly4K
打ち明ける,うちあける,털어놓다·고백하다,JLPT_1 JLPT,m>OKlxKk@!
打ち切る,うちきる,중단하다·끝내다,JLPT_1 JLPT,NY3MFaZc*o
打ち消し,うちけし,부정,JLPT_1 JLPT,FFlOc.L!8+
打ち込む,うちこむ,몰두하다·박다,JLPT_1 JLPT,"iV,JA!*tZ)"
団扇,うちわ,부채,JLPT_1 JLPT,AXix@CPuvn
内訳,うちわけ,내역,JLPT_1 JLPT,"kc.tS5mj},"
写し,うつし,사본·복사본,JLPT_1 JLPT,o]mr>S?=4H
訴え,うったえ,호소·소송,JLPT_1 JLPT,L0%2@MBXxQ
うっとうしい,うっとうしい,음울한·지루한,JLPT_1 JLPT,D_nkEIxjCi
うつむく,うつむく,고개를 숙이다,JLPT_1 JLPT,vZ9f:pDf9{
空ろ,うつろ,공허한·텅 빈,JLPT_1 JLPT,gT)UMo=-nJ
器,うつわ,그릇·기구,JLPT_1 JLPT,wCFSLHrDCy
腕前,うでまえ,솜씨·기량,JLPT_1 JLPT,M#fh/cwlNl
雨天,うてん,우천·비 오는 날씨,JLPT_1 JLPT,w*!:re!1<+
促す,うながす,재촉하다·촉구하다,JLPT_1 JLPT,wV^GWyWg_j
うぬぼれ,うぬぼれ,자만심,JLPT_1 JLPT,m]YR4b{=@z
生まれつき,うまれつき,타고난·태어날 때부터의,JLPT_1 JLPT,vf1rqkwzEV
埋め込む,うめこむ,박아 넣다·매몰하다,JLPT_1 JLPT,xua#+HlIBN
梅干し,うめぼし,우메보시·매실장아찌,JLPT_1 JLPT,y[D$6jL9AV
裏返し,うらがえし,뒤집힘·거꾸로 됨,JLPT_1 JLPT,x!`i3g6fj/
売り出し,うりだし,발매·특가 판매,JLPT_1 JLPT,e#9|l1/ymz
売り出す,うりだす,발매하다·시판하다,JLPT_1 JLPT,gIddcx*`Ct
潤う,うるおう,습해지다·혜택을 입다,JLPT_1 JLPT,iEM[52wf::
浮気,うわき,바람기,JLPT_1 JLPT,niMRrvhuXD
上回る,うわまわる,웃돌다·상회하다,JLPT_1 JLPT,xvIWa_An&S
植わる,うわる,심어지다,JLPT_1 JLPT,q/mwW_I)&k
運営,うんえい,운영,JLPT_1 JLPT,m*%9#Uxp/F
うんざり,うんざり,지긋지긋함·신물 남,JLPT_1 JLPT,G<U}3bYTX=
運送,うんそう,운송,JLPT_1 JLPT,DH/^v}5V5H
運賃,うんちん,운임,JLPT_1 Intermediate_Japanese_Ln.10 Intermediate_Japanese,"OS<,k|.D(5"
云々,うんぬん,운운·이러쿵저러쿵,JLPT_1 JLPT,LiOOViPg]s
運搬,うんぱん,운반,JLPT_1 JLPT,KHqZvxZ@6.
運命,うんめい,운명,JLPT_1 JLPT,l3_#00|#9V
運輸,うんゆ,운수,JLPT_1 JLPT,"M~H0atu}?,"
運用,うんよう,운용,JLPT_1 JLPT,P{!{:>o!_q
エアメール,エアメール,항공 우편,JLPT_1 JLPT,q`%AC;;9Ta
～営,～えい,~영 (경영),JLPT_1 JLPT,dP^UCy0C~l
英字,えいじ,영자,JLPT_1 JLPT,"J1lN,M8$1h"
映写,えいしゃ,영사,JLPT_1 JLPT,x`Mnz)m&qb
映像,えいぞう,영상,JLPT_1 JLPT,m?:Se-SQN4
英雄,えいゆう,영웅,JLPT_1 JLPT,lpc:禮iI>>Z
液,えき,액체·액,JLPT_1 JLPT,r(jP%;ZEI5
閲覧,えつらん,열람,JLPT_1 JLPT,hDsmHpZ7Os
獲物,えもの,사냥감·획득물,JLPT_1 JLPT,5*sGNpi>A
襟,えり,깃·칼라,JLPT_1 JLPT,tRB]@ee=lY
エレガント,エレガント,우아한·엘레강트,JLPT_1 JLPT,efgo>`$5}C
円滑,えんかつ,원활,JLPT_1 JLPT,Kb_Dvgh:lA
縁側,えんがわ,퇏마루,JLPT_1 JLPT,wyHg^[mZl2
沿岸,えんがん,연안,JLPT_1 JLPT,AovU9kG]Un
婉曲,えんきょく,완곡한,JLPT_1 JLPT,G;:<3(vTfF
演出,えんしゅつ,연출,JLPT_1 JLPT,"wf^,)@RdCb"
エンジニア,エンジニア,엔지니어·기사,JLPT_1 JLPT,B{mLrpXMY9
演じる,えんじる,연기하다,JLPT_1 JLPT,"w/:3TeD,r|"
演ずる,えんずる,연기하다,JLPT_1 JLPT,D7;+x/XKhh
沿線,えんせん,철도 노선 주변,JLPT_1 JLPT,ALo8teWhD7
縁談,えんだん,혼담,JLPT_1 JLPT,noJgGKIj8x
遠方,えんぽう,먼 곳·원방,JLPT_1 JLPT,OzC<9.M=Ar
円満,えんまん,원만,JLPT_1 JLPT,Ct:pLi;{3A
追い込む,おいこむ,몰아넣다,JLPT_1 JLPT,AR1qUDM@P)
追い出す,おいだす,쫓아내다,JLPT_1 JLPT,"riRN3`p,`k"
於いて,おいて,~에서·~에 있어서,JLPT_1 JLPT,ijyE>WQ}KT
老いる,おいる,늙다,JLPT_1 JLPT,Fq*tJ8V7V$
応急,おうきゅう,응급,JLPT_1 JLPT,P7w*v4FZJr
黄金,おうごん,황금,JLPT_1 JLPT,mYt_k*xkZ.
往診,おうしん,왕진,JLPT_1 JLPT,KYeqnnZ=-9
応募,おうぼ,응모,JLPT_1 JLPT,b[VDDlfAs0
おおい,おおい,어이·야,JLPT_1 JLPT,"oI,HaDOI/S"
大方,おおかた,대개·대부분,JLPT_1 JLPT,xJaUka+CN:
大柄,おおがら,큰 체구·큰 무늬,JLPT_1 JLPT,"GWS,d=cM(:"
おおげさ,おおげさ,과장된·허풍 떠는,JLPT_1 JLPT,oddUsiCw^V
大筋,おおすじ,대강·요지,JLPT_1 JLPT,Hs`P|H+T!]
大空,おおぞら,대공·넓은 하늘,JLPT_1 JLPT,x&4e(F[|Hd
オートマチック,オートマチック,오토매틱·자동의,JLPT_1 JLPT,Ma<]_+LJWL
大幅,おおはば,대폭·큰 폭,JLPT JLPT_1 MediaMissing,c`*FbFL7!*
おおまかな,おおまかな,대략적인,JLPT_1 JLPT,h|xK)[LK#`
大水,おおみず,홍수·큰물,JLPT_1 JLPT,lHnH3YrPE%
公,おおやけ,공적인·공식적인,JLPT_1 JLPT,oI.<`;>b`b
犯す,おかす,범하다·어기다,JLPT_1 JLPT,r}qWP|]B{j
侵す,おかす,침범하다·침해하다,JLPT_1 JLPT,JP!&.Z9_)1
臆病,おくびょう,겁·소심함,JLPT_1 JLPT,DR9F4{>w8i
遅らす,おくらす,늦추다,JLPT_1 JLPT,BxX=0Td:Ra
厳か,おごそか,엄숙한,JLPT_1 JLPT,k^}q{Z*:ZU
行い,おこない,행실·행동,JLPT_1 JLPT,EPt}Y|moZw
おごる,おごる,한턱내다,JLPT_1 JLPT,nplO^(LG?d
収まる,おさまる,수습되다·거두어지다,JLPT_1 JLPT,blHU8/+m@I
納まる,おさまる,수납되다·납입되다,JLPT_1 JLPT,cv8FX+R{$0
治まる,おさまる,가라앉다·다스려지다,JLPT_1 JLPT,vn/~]L;$eG
お産,おさん,해산·출산,JLPT_1 JLPT,euz]Ka!XAe
押し切る,おしきる,끝까지 밀어붙이다,JLPT_1 JLPT,djU<$hJj6~
押し込む,おしこむ,밀어넣다·침입하다,JLPT_1 JLPT,xrb|Hb|isj
惜しむ,おしむ,아끼다·아쉬워하다,JLPT_1 JLPT,eSj?}z3f2/
押し寄せる,おしよせる,몰려들다·밀어닥치다,JLPT_1 JLPT,G6S^.J|&^/
雄,おす,수컷,JLPT_1 JLPT,gZ*7YqB0w(
御世辞,おせじ,빈말·아첨,JLPT_1 JLPT,d$tF`<~=wO
襲う,おそう,습격하다·덮치다,JLPT_1 JLPT,d*HJIF;zrC
遅くとも,おそくとも,늦어도,JLPT_1 JLPT,"p,08OPe)d%"
恐れ,おそれ,두려움·우려,JLPT_1 JLPT,mG1{:BxE;
恐れ入る,おそれいる,송구스러워하다·황송해하다,JLPT_1 JLPT,o7$@i&/e=j
おだてる,おだてる,치켜세우다·비행기 태우다,JLPT_1 JLPT,"c}qANB`J7,"
落ち込む,おちこむ,우울해지다·침체되다,JLPT_1 Genki_Ln.16 JLPT Genki,B0Aq~FM[^o
落ち着き,おちつき,침착함·차분함,JLPT_1 JLPT,"k)L1,/cgqd"
落葉,おちば,낙엽,JLPT_1 JLPT,qPS6$v<zNn
乙,おつ,을(두 번째)·세련된,JLPT_1 JLPT,"CTIZFIH,kM"
お使い,おつかい,심부름,JLPT_1 JLPT,"Q3Uu~eV;,,"
おっかない,おっかない,무서운,JLPT_1 JLPT,r<$W[mdg(3
お手上げ,おてあげ,손들다·포기하다,JLPT_1 JLPT,J({SY<_/!4
おどおど,おどおど,쭈뼛쭈뼛·벌벌,JLPT_1 JLPT,hFdj&!1iUO
脅す,おどす,위협하다·협박하다,JLPT_1 JLPT,l9J?^6gNw8
訪れる,おとずれる,방문하다·찾아오다,JLPT_1 JLPT,M;`!*}::|V
お供,おとも,수행·동행,JLPT_1 JLPT,x[kh8D~cRx
衰える,おとろえる,쇠퇴하다·약해지다,JLPT_1 JLPT,pxXWt`7[Xh
同い年,おないどし,동갑,JLPT_1 JLPT,uOL4]ka~4C
自ずから,おのずから,저절로·자연히,JLPT_1 JLPT,CsPmT^E4si
怯える,おびえる,겁내다·주눅 들다,JLPT_1 JLPT,Bil>aIK.P>
おびただしい,おびただしい,엄청난·허다한,JLPT_1 JLPT,F0E@v8v<tK
脅かす,おびやかす,위협하다·위태롭게 하다,JLPT_1 JLPT,y}AqB/U_jH
帯びる,おびる,띠다·머금다,JLPT_1 JLPT,zXZ(?*QD)1
お袋,おふくろ,어머니 (정겨운 표현),JLPT_1 JLPT,Iky=(#jNrr
覚え,おぼえ,기억·평판·경험,JLPT_1 JLPT,z/W-oJ8vaW
おまけ,おまけ,덤·부록,JLPT_1 JLPT,rsBcP;b`Jp
お宮,おみや,신사,JLPT_1 JLPT,COvUCQv?BW
おむつ,おむつ,기저귀,JLPT_1 JLPT,FRkuxmL~/i
思い付き,おもいつき,생각·착상,JLPT_1 JLPT,gk=p@=>B|;
趣,おもむき,정취·풍취,JLPT_1 JLPT,o+otz^p(oN
赴く,おもむく,향하다·가다,JLPT_1 JLPT,E5WffQ+ViL
重んじる,おもんじる,중요시하다·존중하다,JLPT_1 JLPT,"gj_$ok,;mR"
重んずる,おもんずる,중요시하다·존중하다,JLPT_1 JLPT,c;eXv;e7cc
親父,おやじ,아버지·영감님,JLPT_1 JLPT,g;f)J>kju#
及び,および,및·및 그 밖에,JLPT_1 JLPT,"F5z-<*3Tg,"
及ぶ,およぶ,미치다·달하다,JLPT_1 JLPT,Lj7$<D<:Dd
折,おり,기회·때,JLPT_1 JLPT,y[AaTw+T{(
檻,おり,우리·감옥,JLPT_1 JLPT,Lj@q6`R`I<
オリエンテーション,オリエンテーション,오리엔테이션,JLPT_1 JLPT,i;fk@T:&ys
折り返す,おりかえす,되풀이하다·반전시키다,JLPT_1 JLPT,x-(77`TIyH
織物,おりもの,직물,JLPT_1 JLPT,@6F9JKGsN
俺,おれ,나 (남성 일인칭),JLPT_1 JLPT,M3v%b}<>}t
愚か,おろか,어리석은,JLPT_1 JLPT,Ch>U~}L@[9
おろそか,おろそか,소홀히 함,JLPT_1 JLPT,H$%#VMqb~n
おんぶ,おんぶ,어부바·업기,JLPT_1 JLPT,w[CU60-p%`
オンライン,オンライン,온라인,JLPT_1 JLPT,i=qSrR2s#(
温和,おんわ,온화함,JLPT_1 JLPT,II+hgA8I:B
我,が,자아·나,JLPT_1 JLPT,KEYq:ht}?d
カーペット,カーペット,카펫,JLPT_1 JLPT,fn]9l!yDf>
～界,～かい,~계 (세계),JLPT_1 JLPT,d]il$5=Qs$
～街,～がい,~가 (거리),JLPT_1 JLPT,PH:pbBSE|j
改悪,かいあく,개악·나쁘게 고침,JLPT_1 JLPT,/C5*Xn=Cv
海運,かいうん,해운,JLPT_1 JLPT,"CDcOa:,]6U"
外貨,がいか,외화,JLPT_1 JLPT,P{MzU_0f=F
改革,かいかく,개혁,JLPT_1 JLPT,"nxg,|fRPK9"
貝殻,かいがら,조개껍데기,JLPT_1 JLPT,rr4Z^$`(_`
外観,がいかん,외관,JLPT_1 JLPT,JF[`}jk]g#
階級,かいきゅう,계급,JLPT_1 JLPT,G#*h9O@`+|
海峡,かいきょう,해협,JLPT_1 JLPT,jy18h1NAzv
会見,かいけん,회견,JLPT_1 JLPT,umW!}@pgti
介護,かいご,간호·수발,JLPT_1 JLPT,kEe>~$Z:bi
開催,かいさい,개최,JLPT_1 JLPT,%(;Yq~m~L
回収,かいしゅう,회수,JLPT_1 JLPT,j[pPaa[c]=
改修,かいしゅう,개수·수리,JLPT_1 JLPT,QiUw+PPipY
怪獣,かいじゅう,괴수,JLPT_1 JLPT,r8Gl`sM7J8
解除,かいじょ,해제,JLPT_1 JLPT,Mgd/-R9vWQ
外相,がいしょう,외무장관 (외상),JLPT_1 JLPT,yrLi>.nXho
害する,がいする,해치다·상하게 하다,JLPT_1 JLPT,Hi`w1ksG:H
概説,がいせつ,개설,JLPT_1 JLPT,nT]AQT3`Q*
回送,かいそう,회송,JLPT_1 JLPT,L?pD4!Fpg8
階層,かいそう,계층,JLPT_1 JLPT,H^MD?o[__x
開拓,かいたく,개척,JLPT_1 JLPT,FypVZrRtNH
会談,かいだん,회담,JLPT_1 JLPT,uN=.m/8Z~3
改定,かいてい,개정,JLPT_1 JLPT,g6THSZ_v^<
改訂,かいてい,개정 (수정),JLPT_1 JLPT,v0XHWw$0B0
ガイド,ガイド,가이드·안내,JLPT_1 JLPT,CvJbP*(I@%
街道,かいどう,가도·큰길,JLPT_1 JLPT,N$n&)AJVWA
該当,がいとう,해당,JLPT_1 JLPT,nkZ}`ld7f?
街頭,がいとう,가두·거리,JLPT_1 JLPT,tQu}Nu#P].
ガイドブック,ガイドブック,가이드북,JLPT_1 JLPT,Eo9u]7eh((
介入,かいにゅう,개입,JLPT_1 JLPT,pZJnTW/Kh#
概念,がいねん,개념,JLPT_1 JLPT,E|SNJ<R/iJ
開発,かいはつ,개발,JLPT_1 JLPT,Kw[.UTN4^R
海抜,かいばつ,해발,JLPT_1 JLPT,jLVxr@vo2y
介抱,かいほう,간호·개포,JLPT_1 JLPT,j$OYFEbGs|
解剖,かいぼう,해부,JLPT_1 JLPT,iL)PO8n0NO
外来,がいらい,외래,JLPT_1 JLPT,~V$m/9|o}
回覧,かいらん,회람,JLPT_1 JLPT,E}}4:_!82P
概略,がいりゃく,개략,JLPT_1 JLPT,N)qY<nUP|*
海流,かいりゅう,해류,JLPT_1 JLPT,xa/eyqaPDe
改良,かいりょう,개량,JLPT_1 JLPT,"v?jE,5xyr`"
回路,かいろ,회로,JLPT_1 JLPT,fdIy<8[a*F
海路,かいろ,해로,JLPT_1 JLPT,t536M9u42&
省みる,かえりみる,반성하다·되돌아보다,JLPT_1 JLPT,taa>Gm>Nxx
顧みる,かえりみる,회상하다·돌이켜보다,JLPT_1 JLPT,ho_c78W;*R
顔付き,かおつき,안색·용모,JLPT_1 JLPT,k<|EsPF(U~
課外,かがい,과외,JLPT_1 JLPT,ImdEjfLr)>
掲げる,かかげる,게양하다·내걸다,JLPT_1 JLPT,Q[6r`gY-ir
かかと,かかと,발뒤꿈치,JLPT_1 JLPT,F`djJ$owDP
書き取る,かきとる,받아쓰다,JLPT_1 JLPT,OeW)s:B>?h
掻き回す,かきまわす,휘젓다·혼란시키다,JLPT_1 JLPT,"wp9#,9/+Z4"
恥をかく,はじをかく,창피를 당하다,JLPT_1 JLPT,h*j3Yxxcj{
～画,～かく,~획,JLPT_1 JLPT,G#l-jHUMTG
学芸,がくげい,학예,JLPT_1 JLPT,xM-CyLgdV}
格差,かくさ,격차,JLPT_1 JLPT,zvfu/3%U&J
拡散,かくさん,확산,JLPT_1 JLPT,y__Cg;3rb:
学士,がくし,학사,JLPT_1 JLPT,Pq<3#+rCX)
各種,かくしゅ,각종,JLPT_1 JLPT,Jb^Vb%.N$q
隔週,かくしゅう,격주,JLPT_1 JLPT,QbwTj%&$c)
確信,かくしん,확신,JLPT_1 JLPT,zEL{[Q8QNW
革新,かくしん,혁신,JLPT_1 JLPT,ti4?AE7Yh@
学説,がくせつ,학설,JLPT_1 JLPT,GlxSp@=1Ze
確定,かくてい,확정,JLPT_1 JLPT,"e18p,U0K#7"
カクテル,カクテル,칵테일,JLPT_1 JLPT,"E($,YP#I6d"
獲得,かくとく,획득,JLPT_1 JLPT,"B^,*K>>n_|"
楽譜,がくふ,악보,JLPT_1 JLPT,qMA}9*EjCn
確保,かくほ,확보,JLPT_1 JLPT,uY<*K%.TG@
革命,かくめい,혁명,JLPT_1 JLPT,O;mF68dq6Q
確立,かくりつ,확립,JLPT_1 JLPT,m(/`$&[BF3
賭,かけ,내기·도박,JLPT_1 JLPT,s:YO~5k/sp
掛,かけ,외상,JLPT_1 JLPT,c#>^nQjhVy
～掛け,～かけ,~걸이,JLPT_1 JLPT,"Lr[e?zZ5,<"
崖,がけ,벼랑·절벽,JLPT_1 JLPT,lH2H25www/
駆け足,かけあし,구보,JLPT_1 JLPT,Nd5EP#88A|
家計,かけい,가계,JLPT_1 JLPT,vh}KbR&s=#
駆けっこ,かけっこ,달리기 시합,JLPT_1 JLPT,"A8,h2([S[A"
加工,かこう,가공,JLPT_1 JLPT,E^@%K2YN]n
化合,かごう,화합,JLPT_1 JLPT,my>j<9l(Hz
かさばる,かさばる,부피가 커지다,JLPT_1 JLPT,"nuG,E:/*HK"
かさむ,かさむ,늘어나다·쌓이다,JLPT_1 JLPT,D*tj!&=/|(
箇条書,かじょうがき,조목조목 씀·나열,JLPT_1 JLPT,uU[=f*p0xK
頭,かしら,우두머리·머리,JLPT_1 JLPT,qKQ^U]P!d/
微か,かすか,희미한,JLPT_1 JLPT,"iuQ;E47,]H"
霞む,かすむ,안개 끼다·희미해지다,JLPT_1 JLPT,Muk^XW#N{G
擦る,かする,스치다·비비다,JLPT_1 JLPT,b*c:1ipqfg
火星,かせい,화성,JLPT_1 JLPT,hK6{i6DNme
化石,かせき,화석,JLPT_1 JLPT,i)2P[%uf@w
河川,かせん,하천,JLPT_1 JLPT,j9XYM<zDW5
化繊,かせん,화선·합성 섬유,JLPT_1 JLPT,A<4D0W-y5X
過疎,かそ,과소·인구 희박,JLPT_1 JLPT,C6FP<#I<*d
片～,かた～,외~·한쪽~,JLPT_1 JLPT,p/$/VrksK}
片言,かたこと,서툰 말씨,JLPT_1 JLPT Intermediate_Japanese_Ln.13 Intermediate_Japanese,nEkc_9&ki`
傾ける,かたむける,기울이다,JLPT_1 JLPT,g+aTq;z^TG
固める,かためる,굳히다·단단히 하다,JLPT_1 JLPT,M}jO{cRWN^
傍ら,かたわら,곁·옆·~하는 한편,JLPT_1 JLPT,H(u3_23(VR
花壇,かだん,화단,JLPT_1 JLPT,vyDiG-w#Vb
家畜,かちく,가축,JLPT_1 JLPT,sf(M2A{2zC
且つ,かつ,게다가·또한,JLPT_1 JLPT,"bxhWiXnmE,"
がっくり,がっくり,털썩·맥이 풀리는 모양,JLPT_1 JLPT,n#j+;o[:]<
合唱,がっしょう,합창,JLPT_1 JLPT,"ck-jle>!,g"
がっしり,がっしり,다부지게·탄탄하게,JLPT_1 JLPT,Kl0>:WZG~Z
合致,がっち,일치·합치,JLPT_1 JLPT,Af^(s-@)C7
がっちり,がっちり,빈틈없이·단단히,JLPT_1 JLPT,dl.]7IVV60
かつて,かつて,일찍이·예전에,JLPT_1 JLPT,fI;@sLyG_Q
勝手,かって,제멋대로·부엌·형편,JLPT_1 JLPT,r+VI)d1wQ0
カット,カット,컷·절단·삭제,JLPT_1 JLPT,Q+NVsyIn!c
活発,かっぱつ,활발,JLPT_1 JLPT,M`7Eo@!%5A
合併,がっぺい,합병,JLPT_1 JLPT,h>=`Vc9TZZ
カテゴリー,カテゴリー,카테고리·범주,JLPT_1 JLPT,JAwB1=<{pF
叶う,かなう,이루어지다,JLPT_1 JLPT,E5LD5p#as=
叶える,かなえる,이루어 주다·들어주다,JLPT_1 JLPT,x!3$MxvZF0
金槌,かなづち,쇠망치·맥주병(수영 못하는 사람),JLPT_1 JLPT,C7&9nlfhkO
かなわない,かなわない,당해낼 수 없다·견딜 수 없다,JLPT_1 JLPT,i9$e:WA[rV
加入,かにゅう,가입,JLPT_1 JLPT,"w%]Rn6,Z,X"
予て,かねて,전부터·이미,JLPT_1 JLPT,i+&=;*57v}
庇う,かばう,감싸다·보호하다,JLPT_1 JLPT,e-}GY5UR@1
株式,かぶしき,주식,JLPT_1 JLPT,nMsDO&gGxt
かぶれる,かぶれる,옻이 오르다·(나쁜 영향을) 받다,JLPT_1 JLPT,C5U+~~@Gnd
花粉,かふん,꽃가루,JLPT_1 JLPT,Gm8]&VGB-;
貨幣,かへい,화폐·화폐 제도,JLPT_1 JLPT,F<$WXw={D<
構える,かまえる,자세를 잡다·준비하다·설립하다,JLPT_1 JLPT,jB<-nj(U&|
過密,かみつ,과밀,JLPT_1 JLPT,AOD1mkToDl
噛み切る,かみきる,물어 끊다,JLPT_1 JLPT,"hh,VOk`A<;"
カムバック,カムバック,컴백·복귀,JLPT_1 JLPT,HjHeH1>k=t
カメラマン,カメラマン,카메라맨·사진사,JLPT_1 JLPT,:MlB;<{_:
粥,かゆ,죽,JLPT_1 JLPT,fFz9w`]5pq
体付き,からだつき,체격·몸집,JLPT_1 JLPT,D?fkTo{@|E
絡む,からむ,얽히다·트집을 잡다,JLPT_1 JLPT,O17r;^Y(oJ
かりに,かりに,만약·임시로,JLPT_1 JLPT,c$0g$/@+f7
カルテ,カルテ,진료기록부 (차트),JLPT_1 JLPT,GwQApsAV[E
ガレージ,ガレージ,차고,JLPT_1 JLPT,LKr$xf+m)f
過労,かろう,과로,JLPT_1 JLPT,Dx#E|nd<`@
かろうじて,かろうじて,겨우·간신히,JLPT_1 JLPT,wzpJb%R2eZ
交す,かわす,주고받다·교환하다,JLPT_1 JLPT,ytWMD-K7Sv
代る代る,かわるがわる,교대로·번갈아,JLPT_1 JLPT,Q<D|kTCMFu
簡易,かんい,간이·간편함,JLPT_1 JLPT,Qdl&|7}97?
灌漑,かんがい,관개,JLPT_1 JLPT,x3v&{30@Ie
眼科,がんか,안과,JLPT_1 JLPT,y$)@b7Z=25
眼球,がんきゅう,안구·눈알,JLPT_1 JLPT,ppa9QzmFoc
玩具,がんぐ,완구·장난감,JLPT_1 JLPT,Fu?U%1UjU`
簡潔,かんけつ,간결,JLPT_1 JLPT,Ch64u(7Zi6
還元,かんげん,환원,JLPT_1 JLPT,b1~cd_rb8g
看護,かんご,간호,JLPT_1 JLPT,v]`cby4zI~
漢語,かんご,한자어,JLPT_1 JLPT,BzS`z3a0wD
頑固,がんこ,완고·고집불통,JLPT_1 JLPT,iS7AjV-r.~
勧告,かんこく,권고,JLPT_1 JLPT,ReTMd+-Cqd
換算,かんさん,환산,JLPT_1 JLPT,V_iERi63U
監視,かんし,감시,JLPT_1 JLPT,xYmgA~gB7D
慣習,かんしゅう,관습,JLPT_1 JLPT,xb4/I5BD9M
観衆,かんしゅう,관중,JLPT_1 JLPT,suIg*_}y!}
願書,がんしょ,원서,JLPT_1 JLPT,PJ0db[)2y/
干渉,かんしょう,간섭,JLPT_1 JLPT,FlV}wK<+oD
頑丈,がんじょう,튼튼함·견고함,JLPT_1 JLPT,o)b^-Y;KL)
感触,かんしょく,감촉,JLPT_1 JLPT,Ll+!^%W~Bg
肝心,かんじん,중요함·핵심적임,JLPT_1 JLPT,cGezcCU7jN
肝腎,かんじん,중요함·핵심적임,JLPT_1 JLPT,qQm@vZEhuX
関税,かんぜい,관세,JLPT_1 JLPT,J<YhnUzDH9
岩石,がんせき,암석,JLPT_1 JLPT,Fvc~*$ysUp
感染,かんせん,감염,JLPT_1 JLPT,yaKv$j-u9~
幹線,かんせん,간선,JLPT_1 JLPT,qnR@^N<xB(
簡素,かんそ,간소,JLPT_1 JLPT,jcV8%N9G]T
観点,かんてん,관점,JLPT_1 JLPT,sRkkbw!PVn
感度,かんど,감도,JLPT_1 JLPT,c!Eb1-<+V1
カンニング,カンニング,컨닝·부정행위,JLPT_1 JLPT,f{(PYG4OSM
元年,がんねん,원년 (첫해),JLPT_1 JLPT,hmCuQzSd35
幹部,かんぶ,간부,JLPT_1 JLPT,L1KYyf^E^2
完ぺき,かんぺき,완벽,JLPT_1 JLPT,z+SJefr{>B
勘弁,かんべん,용서·변제,JLPT_1 JLPT,"l*Q,*Lu2Mg"
感無量,かんむりょう,감개무량,JLPT_1 JLPT,h`NZ!a[CSf
勧誘,かんゆう,권유,JLPT_1 Intermediate_Japanese_Ln.5 JLPT Intermediate_Japanese,fyr>KNdC{T
関与,かんよ,관여,JLPT_1 JLPT,d<Jle/NX</
寛容,かんよう,관용·너그러움,JLPT_1 JLPT,f|A2.V0M-n
元来,がんらい,원래·본래,JLPT_1 JLPT,Cno5E):pRp
観覧,かんらん,관람,JLPT_1 JLPT,"A$Cx0<I,I0"
慣例,かんれい,관례,JLPT_1 JLPT,t0a}a`u9:H
還暦,かんれき,환갑,JLPT_1 JLPT,4cAN40ulx
貫禄,かんろく,관록·위엄,JLPT_1 JLPT,I1]lC*Xh&L
緩和,かんわ,완화,JLPT_1 JLPT,"k^:RZ|u,e@"
議案,ぎあん,의안,JLPT_1 JLPT,"I,VMbY@&-V"
危害,きがい,위해·위험,JLPT_1 JLPT,F>Z;`xG3Np
企画,きかく,기획,JLPT_1 Intermediate_Japanese_Ln.14 JLPT Intermediate_Japanese,w*I2LS4{H:
規格,きかく,규격,JLPT_1 JLPT,"xzs,)in_UO"
着飾る,きかざる,성장하다·꾸미다,JLPT_1 JLPT,HoI9}BI#^/
気兼ね,きがね,어려워함·거북함,JLPT_1 JLPT,GRlL|p}26%
気軽,きがる,홀가분함·부담 없음,JLPT_1 JLPT,s;sgdqP}O.
危機,きき,위기,JLPT_1 JLPT,C.^&25N@a~
聞き取り,ききとり,듣기·청해,JLPT_1 JLPT,soL?dWfD3o
効き目,ききめ,효과·효능,JLPT_1 JLPT,"i,@$ZV_BJi"
帰京,ききょう,귀경,JLPT_1 JLPT,wzR`J2j)`0
戯曲,ぎきょく,희곡,JLPT_1 JLPT,Dx[W!Tbqvu
基金,ききん,기금,JLPT_1 JLPT,Jsw14fTONr
喜劇,きげき,희극·코미디,JLPT_1 JLPT,vo)8mTt@2i
議決,ぎけつ,의결,JLPT_1 JLPT,ina$-8>Dz[
棄権,きけん,기권,JLPT_1 JLPT,yPr@u5g:%p
既婚,きこん,기혼,JLPT_1 JLPT,"zec,ws!-1^"
気障,きざ,잘난 체함·비위에 거슬림,JLPT_1 JLPT,PIJe@Xxivf
記載,きさい,기재,JLPT_1 JLPT,"AtF!,w].-2"
兆,きざし,조짐·전조,JLPT_1 JLPT,KEdc345jt(
気質,きしつ,기질·성질,JLPT_1 JLPT,sH[}/atE{z
期日,きじつ,기일,JLPT_1 JLPT,"v,pIo6nfY,"
きしむ,きしむ,삐걱거리다,JLPT_1 JLPT,JyV83hu3eM
議事堂,ぎじどう,의사당,JLPT_1 JLPT,ku.2udaM_
記述,きじゅつ,기술·기록,JLPT_1 JLPT,keg8V#>EyG
気象,きしょう,기상·날씨,JLPT_1 JLPT,i8sg{g&{j*
傷付く,きずつく,상처 입다·다치다,JLPT_1 JLPT,g#?]Ssa:Ux
傷付ける,きずつける,상처 입히다,JLPT_1 JLPT,W04_o[&8W
犠牲,ぎせい,희생,JLPT_1 JLPT,eAtE.H0;PV
汽船,きせん,기선·증기선,JLPT_1 JLPT,"gyZ:?sW,`("
寄贈,きぞう,기증,JLPT_1 JLPT,k3nUp@KIzg
偽造,ぎぞう,위조,JLPT_1 JLPT,K;j2M?f~?!
貴族,きぞく,귀족,JLPT_1 JLPT,inVAX<UF+i
議題,ぎだい,의제,JLPT_1 JLPT,Q@WjbgZGbs
鍛える,きたえる,단련하다·련마하다,JLPT_1 JLPT,G>3/bExrby
気立て,きだて,마음씨·성질,JLPT_1 JLPT,h61-}t=4fL
来る,きたる,다가오는·오는,JLPT_1 JLPT,s])r!JZ-b4
きちっと,きちっと,정확하게·반듯하게,JLPT_1 JLPT,D#t!(nebzD
几帳面,きちょうめん,꼼꼼함·규칙적임,JLPT_1 JLPT,Idj9h;q|%y
きっかり,きっかり,정확히·딱,JLPT_1 JLPT,cC(nm-eKo^
きっちり,きっちり,꼭·정확히,JLPT_1 JLPT,p.hrrI+jm1
きっぱり,きっぱり,단호히·딱 잘라,JLPT_1 JLPT,u>9}K{Kf.I
規定,きてい,규정,JLPT_1 JLPT,KTPp;1&S1u
起点,きてん,기점,JLPT_1 JLPT,",M-]_[Vyp"
軌道,きどう,궤도,JLPT_1 JLPT,P=9KAyqi}b
技能,ぎのう,기능·기술,JLPT_1 JLPT,waI%d;Y5LY
規範,きはん,규범,JLPT_1 JLPT,L8HXSBw0.5
気品,きひん,기품,JLPT_1 JLPT,cT4)YAkk45
気風,きふう,기풍·기색,JLPT_1 JLPT,cU@qu%MT$c
起伏,きふく,기복,JLPT_1 JLPT,DG3WXr]W9o
規模,きぼ,규모,JLPT_1 JLPT,vN{{=xfB<k
気まぐれ,きまぐれ,변덕,JLPT_1 JLPT,EUJagum[Gi
生真面目,きまじめ,매우 성실함,JLPT_1 JLPT,B$#zm{x$(/
期末,きまつ,기말,JLPT_1 JLPT,rB>aq=EB!L
きまりわるい,きまりわるい,쑥스러운·겸연쩍은,JLPT_1 JLPT,i^-fu~OpOW
記名,きめい,기명,JLPT_1 JLPT,LeN-Up#$*/
規約,きやく,규약,JLPT_1 JLPT,p:ItXku)R]
脚色,きゃくしょく,각색,JLPT_1 JLPT,A3B8`j%szk
逆転,ぎゃくてん,역전,JLPT_1 JLPT,b}F-L9oFMV
脚本,きゃくほん,각본·시나리오,JLPT_1 JLPT,BqjNB^gQ4E
華奢,きゃしゃ,가냘픈·화사한,JLPT_1 JLPT,K{%YNbdXo{
客観,きゃっかん,객관,JLPT_1 JLPT,FE+)c7=xm.
キャッチ,キャッチ,캐치·포획,JLPT_1 JLPT,EE+~Pnl{z$
キャリア,キャリア,경력·캐리어,JLPT_1 JLPT,917%#^`DD
救援,きゅうえん,구원,JLPT_1 JLPT,"xis(gT,lCH"
休学,きゅうがく,휴학,JLPT_1 JLPT,peW#H`ri[=
究極,きゅうきょく,궁극,JLPT_1 JLPT,Ft[`OH9ZtO
窮屈,きゅうくつ,답답한·거북한·비좁은,JLPT_1 JLPT,"HH&,U(vAg`"
球根,きゅうこん,알뿌리·구근,JLPT_1 JLPT,Q6BKH*&nE1
救済,きゅうさい,구제,JLPT_1 JLPT,c=d|._&IWr
給仕,きゅうじ,시중듦·급사,JLPT_1 JLPT,pzoWY8TS(/
給食,きゅうしょく,급식,JLPT_1 JLPT,zeAtvQ@_)h
休戦,きゅうせん,휴전,JLPT_1 JLPT,Q9p5.}YQtg
宮殿,きゅうでん,궁전,JLPT_1 JLPT,EOPs=A9D6~
舊知,きゅうち,구지·오랜 친구,JLPT_1 JLPT,A}I5035vZ1
窮乏,きゅうぼう,궁핍,JLPT_1 JLPT,fEoLTLW@>]
寄与,きよ,기여,JLPT_1 JLPT,hYW_RFKwv/
強,きょう,강함·약간 넘음,JLPT_1 JLPT,j5ZhDwA$S
狂,きょう,~광 (매니아),JLPT_1 JLPT,wkNK|ibT&!
驚異,きょうい,경이,JLPT_1 JLPT,I!i(y?o6E:
教科,きょうか,교과,JLPT_1 JLPT,M&=I]j0/Y0
協会,きょうかい,협회,JLPT_1 JLPT,Oz4*Mxo4//
共学,きょうがく,공학·남녀공학,JLPT_1 JLPT,eKY($Dr5lQ
共感,きょうかん,공감,JLPT_1 JLPT,w0|w&}3|}:
境遇,きょうぐう,경우·처지,JLPT_1 JLPT,dN:;6sg&]2
教訓,きょうくん,교훈,JLPT_1 JLPT,pOHPj(bnYG
強行,きょうこう,강행,JLPT_1 JLPT,tf7&|-V:n8
強硬,きょうこう,강경,JLPT_1 JLPT,bA*b92)[ZU
教材,きょうざい,교재,JLPT_1 JLPT,p)!Q@]*y>T
凶作,きょうさく,흉작,JLPT_1 JLPT,I`.1X|DPXu
業者,ぎょうしゃ,업자,JLPT_1 JLPT,o&/6(ODjkj
教習,きょうしゅう,교습·훈련,JLPT_1 JLPT,H/=&)s/)`t
郷愁,きょうしゅう,향수,JLPT_1 JLPT,eZKQ^QCO2_
教職,きょうしょく,교직,JLPT_1 JLPT,y`GfZjj}.E
興じる,きょうじる,즐기다·흥겨워하다,JLPT_1 JLPT,"Q;m4!,`BN,"
強制,きょうせい,강제,JLPT_1 JLPT,Hm$>AvE1~h
行政,ぎょうせい,행정,JLPT_1 JLPT,r~TWhqKvAt
業績,ぎょうせき,업적,JLPT_1 JLPT,Lk<<za38cF
共存,きょうぞん,공존,JLPT_1 JLPT,Ij!^n@6%SF
協定,きょうてい,협정,JLPT_1 JLPT,K9?Jw]OMOi
郷土,きょうど,향토,JLPT_1 JLPT,Q4`7(5-Vb`
脅迫,きょうはく,협박,JLPT_1 JLPT,k[s}KC9iC{
業務,ぎょうむ,업무,JLPT_1 JLPT,b&$V6PlYM?
共鳴,きょうめい,공명·공감,JLPT_1 JLPT,kl1yRR~Dbc
郷里,きょうり,고향,JLPT_1 JLPT,J6)+at[SJG
強烈,きょうれつ,강렬,JLPT_1 JLPT,r]=;%Z2Ns;
共和,きょうわ,공화·협력,JLPT_1 JLPT,GU{+)z^)dD
局限,きょくげん,국한,JLPT_1 JLPT,xsMbwTI.xJ
極端,きょくたん,극단,JLPT_1 JLPT,P.Mzv1I{9}
居住,きょじゅう,거주,JLPT_1 JLPT,m]/OZ*9GsC
拒絶,きょぜつ,거절,JLPT_1 JLPT,pF/Q.UL^fh
漁船,ぎょせん,어선,JLPT_1 JLPT,M@u:oyW>Kw
漁村,ぎょそん,어촌,JLPT_1 JLPT,oLHH[@w)KZ
拒否,きょひ,거부,JLPT_1 JLPT,xZG_N4@O9B
許容,きょよう,허용,JLPT_1 JLPT,"m;[9Tjw,qU"
清らか,きよらか,맑고 깨끗함,JLPT_1 JLPT,rPKJ~vEwnZ
きらびやか,きらびやか,찬란함·눈부심,JLPT_1 JLPT,t+RU;/m(KM
～きり,～きり,~만·~뿐,JLPT_1 JLPT,uzRZwLFG-t
義理,ぎり,의리,JLPT_1 JLPT,so:x7klic}
切替,きりかえ,전환·교체,JLPT_1 JLPT,B])<#Pn[DB
気流,きりゅう,기류,JLPT_1 JLPT,ph[xS7hP4#
切れ目,きれめ,끊어진 곳·단락,JLPT_1 JLPT,"C#,Pog7@LR"
疑惑,ぎわく,의혹,JLPT_1 JLPT,se:RwXAAh
極めて,きわめて,극히·매우,JLPT_1 JLPT Intermediate_Japanese_Ln.13 Intermediate_Japanese,EKB18v#}a&
近眼,きんがん,근시,JLPT_1 JLPT,dD[Q^z/~(w
緊急,きんきゅう,긴급,JLPT_1 JLPT,DgtR0$#5Qg
近郊,きんこう,근교,JLPT_1 JLPT,JfO#&<*3[k
均衡,きんこう,균형,JLPT_1 JLPT,x>zIhBvkg*
禁じる,きんじる,금지하다,JLPT_1 JLPT,r7Q>%_(/mr
勤勉,きんべん,근면,JLPT_1 JLPT,uYoa=%x]!q
吟味,ぎんみ,음미·자세히 조사함,JLPT_1 JLPT,p>zee?sO9;
勤務,きんむ,근무,JLPT_1 JLPT,hhs(k1{TN}
禁物,きんもつ,금물,JLPT_1 JLPT,sWH*^U2<+H
勤労,きんろう,근로,JLPT_1 JLPT,C^)QBm`a.U
クイズ,クイズ,퀴즈,JLPT_1 JLPT,m9+]J[|ov;
食い違う,くいちがう,엇갈리다·틀리다,JLPT_1 JLPT,dlUQZZk[k&
空間,くうかん,공간,JLPT_1 JLPT,"FOY$+>M@U,"
空腹,くうふく,공복·배고픔,JLPT_1 JLPT,"o,>8F>0y;H"
区画,くかく,구획,JLPT_1 JLPT,hbtu==:uia
区間,くかん,구간,JLPT_1 JLPT,tS6N_tjG&R
茎,くき,줄기,JLPT_1 JLPT,O5c;9[C7}%
区切り,くぎり,매듭·단락,JLPT_1 JLPT,zqK^J|1vVI
くぐる,くぐる,빠져나가다·잠입하다,JLPT_1 JLPT,"bMchGH<.,G"
くじ,くじ,제비뽑기·추첨,JLPT_1 JLPT,ziu-}:42)#
くじびき,くじびき,제비뽑기,JLPT_1 JLPT,t-q[>)aB/{
くすぐったい,くすぐったい,간지럽다,JLPT_1 JLPT,P[CLwgoK#I
愚痴,ぐち,푸념·불평,JLPT_1 JLPT,C&*!h9}5ae
口吟む,くちずさむ,흥얼거리다,JLPT_1 JLPT,v#IdlQfu^;
嘴,くちばし,부리,JLPT_1 JLPT,q5`l.teeRT
朽ちる,くちる,썩다·허망하게 끝나다,JLPT_1 JLPT,y1>SUYnb]m
覆す,くつがえす,뒤엎다·번복하다,JLPT_1 JLPT,zp<0lkXp[6
くっきり,くっきり,뚜렷이·선명히,JLPT_1 JLPT,A%/]?I_gyZ
屈折,くっせつ,굴절,JLPT_1 JLPT,0E4`Ur@Ig
ぐっと,ぐっと,훨씬·쑥·단숨에,JLPT_1 JLPT,G/n$rvRj#F
首飾り,くびかざり,목걸이,JLPT_1 JLPT,"qFdJV,o7Z~"
首輪,くびわ,목걸이·개 목줄,JLPT_1 JLPT,"r$gf,6IuJ/"
組み込む,くみこむ,짜 넣다·포함시키다,JLPT_1 JLPT,N5}[0JLW]q
組み合わせる,くみあわせる,조합하다·맞추다,JLPT_1 JLPT,qDs6:%T/3U
蔵,くら,창고,JLPT_1 JLPT,C=*)4H{doV
グレー,グレー,그레이·회색,JLPT_1 JLPT,k$7)oghP*m
クレーン,クレーン,크레인,JLPT_1 JLPT,C(o|20rT;/
玄人,くろうと,전문가·숙련자,JLPT_1 JLPT,N5@#f;qR7F
黒字,くろじ,흑자,JLPT_1 JLPT,cw<1Zd}#`P
軍艦,ぐんかん,군함,JLPT_1 JLPT Intermediate_Japanese_Ln.8 Intermediate_Japanese,"j|9,<bl,`k"
軍事,ぐんじ,군사,JLPT_1 JLPT,O/|8of/=vE
君主,くんしゅ,군주,JLPT_1 JLPT,stPJuiua;x
群集,ぐんしゅう,군중,JLPT_1 JLPT,p4G>}yfC)@
群衆,ぐんしゅう,군중,JLPT_1 JLPT,m)#YkIUhBb
軍備,ぐんび,군비,JLPT_1 JLPT,Q<54bk-ZNv
軍服,ぐんぷく,군복,JLPT_1 JLPT,puGrsq&TAP
芸,げい,예능·재주,JLPT_1 JLPT,zzMBfZ=xQL
経過,けいか,경과,JLPT_1 JLPT,ok7SBPZ~(w
軽快,けいかい,경쾌,JLPT_1 JLPT,H^eby;)zOc
警戒,けいかい,경계,JLPT_1 JLPT,IlUsDbGTyB
敬具,けいぐ,경구 (편지 끝인사),Intermediate_Japanese_Ln.4 JLPT_1 JLPT Intermediate_Japanese,B!lza1p.0?
軽減,けいげん,경감,JLPT_1 JLPT,IbWZR<kR]W
掲載,けいさい,게재,JLPT_1 JLPT,bq$YateC|k
傾斜,けいしゃ,경사,JLPT_1 JLPT,D&m-*([U$6
形成,けいせい,형성,JLPT_1 JLPT,"Q,O|6gZ,S_"
形勢,けいせい,형세,JLPT_1 JLPT,tT1?SPXi1I
軽率,けいそつ,경솔,JLPT_1 JLPT,mC$8ZBGBhL
刑罰,けいばつ,형벌,JLPT_1 JLPT,h!JCwBz@T7
経費,けいひ,경비,JLPT_1 JLPT,dA8rO;1&st
警部,けいぶ,경부 (경찰 계급),JLPT_1 JLPT,f~U_eCQcuj
転換,てんかん,전환,JLPT_1 JLPT,wq`yxTWAU4
転居,てんきょ,전거·이사,JLPT_1 JLPT,fpa)5#xLl3
転勤,てんきん,전근,JLPT_1 Intermediate_Japanese_Ln.14 JLPT Intermediate_Japanese,Cj#Grcg7-k
点検,てんけん,점검,JLPT_1 JLPT,nhsX!aB>^s
電源,でんげん,전원,JLPT_1 JLPT,"O,Y?B?G0AC"
天国,てんごく,천국·파라다이스,JLPT_1 JLPT,y;7l~-6:U2
天才,てんさい,천재,JLPT_1 JLPT Intermediate_Japanese_Ln.8 Intermediate_Japanese,M=qf#].n@K
天災,てんさい,천재지변·재해,JLPT_1 JLPT,AbgU8k(]Fr
展示,てんじ,전시,JLPT_1 JLPT,BX?]-7Vf!l
伝説,でんせつ,전설,JLPT_1 JLPT Intermediate_Japanese_Ln.8 Intermediate_Japanese,"Rdd+X!dSu,"
点線,てんせん,점선,JLPT_1 JLPT,"FYT!)Y,6rw"
転じる,てんじる,변하다·바꾸다,JLPT_1 JLPT,gk5Nvk`;hi
転ずる,てんずる,변하다·바꾸다,JLPT_1 JLPT,CI_As5:EDn
天体,てんたい,천체,JLPT_1 JLPT,jiDJT?nAAw
伝達,でんたつ,전달,JLPT_1 JLPT,Fu*Vb?uBII
天地,てんち,천지·세상,JLPT_1 JLPT,c+f-ty}$d!
てんで,てんで,전혀·도저히,JLPT_1 JLPT,iKsMS;CA<|
転任,てんにん,전임,JLPT_1 JLPT,rZvBTuhiHO
展望,てんぼう,전망,JLPT_1 JLPT,q|(m+;cCHK
伝来,でんらい,전래,JLPT_1 JLPT,"fDUHN*l8c,"
転落,てんらく,전락·굴러 떨어짐,JLPT_1 JLPT,Et(iYLp%EH
問い合わせる,といあわせる,문의하다·조회하다,JLPT_1 JLPT,uvJB[75Tk}
当～,とう～,당~ (우리 ~),JLPT_1 JLPT,Mu?thgozeE
胴,どう,몸통·몸체,JLPT_1 JLPT,hDa8pFJqm0
同意,どうい,동의·합의,JLPT_1 JLPT,j3r]HMmU>:
動員,どういん,동원,JLPT_1 JLPT,k#:gdO(AW5
同感,どうかん,동감,JLPT_1 JLPT,Bc/Cv&bn2c
陶器,とうき,도기·도자기,JLPT_1 JLPT,E}elXp_wGW
討議,とうぎ,토의·토론,JLPT_1 JLPT,BjpsxE0AcR
動機,どうき,동기,JLPT_1 JLPT,PXaG&3fRlH
等級,とうきゅう,등급,JLPT_1 JLPT,vFpm6[P%2G
同級,どうきゅう,동급,JLPT_1 JLPT,eqQ2)5CzED
同居,どうきょ,동거,JLPT_1 JLPT,QKzH>2eq3/
登校,とうこう,등교,JLPT_1 JLPT,B([>~_d]8F
統合,とうごう,통합,JLPT_1 JLPT,ji0.^JH`^U
動向,どうこう,동향,JLPT_1 JLPT,o.}lBa5|<`
投資,とうし,투자,JLPT_1 JLPT,cy=[{o&!H$
同情,どうじょう,동정,JLPT_1 JLPT,"Mbh,O)Kv:"
道場,どうじょう,도장 (훈련 장소),JLPT_1 JLPT,OojlS!TK3i
統制,とうせい,통제,JLPT_1 JLPT,K:r_8O#Kk`
当選,とうせん,당선·당첨,JLPT_1 JLPT,m]O74#<tB:
逃走,とうそう,도주,JLPT_1 JLPT,lS-lTa3)4.
統率,とうそつ,통솔,JLPT_1 JLPT,xpLjH)jf2X
到達,とうたつ,도달,JLPT_1 JLPT,H#Flm1MG6>
統治,とうち,통치,JLPT_1 JLPT,F]R4doym8Q
仕切る,しきる,칸을 막다·나누다·결산하다,JLPT_1 JLPT,G!$&r|A6Tu
資金,しきん,자금,JLPT_1 JLPT,l}_f:.$:^S
軸,じく,축·굴대,JLPT_1 JLPT,h+9$DC_v-#
しくじる,しくじる,실수하다·실패하다,JLPT_1 JLPT,N22-lR<CJ#
仕組,しくみ,구조·장치,JLPT_1 JLPT,zu6.9a/_f(
死刑,しけい,사형,JLPT_1 JLPT,d38&><SCHm
湿気る,しける,눅눅해지다·습기 차다,JLPT_1 JLPT,"j<,^YWvyDj"
施行,しこう,시행,JLPT_1 JLPT,MC~*r371(H
思考,しこう,사고·생각,JLPT_1 JLPT,G|{{/)+LPZ
志向,しこう,지향,JLPT_1 JLPT,O4`+5c5yv}
嗜好,しこう,기호·좋아함,JLPT_1 JLPT,z6!>1ULyhO
事項,じこう,사항,JLPT_1 Intermediate_Japanese_Ln.15 Intermediate_Japanese,p8bdtFtVNT
時刻表,じこくひょう,시간표,JLPT_1 JLPT Intermediate_Japanese_Ln.10 Intermediate_Japanese,Fqowxp!1`}
地獄,じごく,지옥,JLPT_1 JLPT,Dm&QxHR(%1
時差,じさ,시차,JLPT_1 JLPT,AEdcWK:0]/
自在,じざい,자재·마음대로,JLPT_1 JLPT,sqc[jw93Mn
視察,しさつ,시찰,JLPT_1 JLPT,"B,vh!;ocAA"
資産,しさん,자산·재산,JLPT_1 JLPT,MI@T>IcVHN
支持,しじ,지지·후원,JLPT_1 JLPT,oo0YtJF4ck
自主,じしゅ,자주·자율,JLPT_1 JLPT,ARYI~qJT^l
自首,じしゅ,자수,JLPT_1 JLPT,qvNf_+tfMc
刺繍,ししゅう,자수,JLPT_1 JLPT,w_uSABGrgB
市場,しじょう,시장,JLPT_1 JLPT,PAheY`kK%!
辞職,じしょく,사직,JLPT_1 JLPT,pwRmK+}S5n
雫,しずく,물방울,JLPT_1 JLPT,q+DG7K-9zr
システム,システム,시스템,JLPT_1 JLPT,QzGyU%s_=+
沈める,しずめる,가라앉히다·침몰시키다,JLPT_1 JLPT,k#([X{>3G.
施設,しせつ,시설,JLPT_1 JLPT,NLo.Oj~LZQ
事前,じぜん,사전·미리,JLPT_1 JLPT,"B`.[5%YoP,"
子息,しそく,자제·아들,JLPT_1 JLPT,FTUd?vlNr&
持続,じぞく,지속,JLPT_1 JLPT,z!R.0v{_I+
自尊心,じそんしん,자존심,JLPT_1 JLPT,"db,ehs16g5"
慕う,したう,사모하다·그리워하다,JLPT_1 JLPT,Kg^oT02U+h
下心,したごころ,속셈·의도,JLPT_1 JLPT,yNAARsc60)
下地,したじ,바탕·기초·준비,JLPT_1 JLPT,C0{8:(@F]r
親しむ,したしむ,친해지다·친하게 지내다,JLPT_1 JLPT,]t:px`?.Z
下調べ,したしらべ,예비 조사·하조사,JLPT_1 JLPT,DxMjJ:J?n9
愛想,あいそう,붙임성·친절,JLPT JLPT_1,D5/lX+C:0I
間柄,あいだがら,관계·사이,JLPT JLPT_1,r){:>bdZ&g
合間,あいま,틈·사이,JLPT JLPT_1,"JUK537Y{:,"
敢えて,あえて,굳이·감히,JLPT JLPT_1,s1!E#AVJt2
仰ぐ,あおぐ,우러러보다·우러르다·청하다,JLPT JLPT_1,jM1|yl:^{3
垢,あか,때·더러움,JLPT JLPT_1,DBMz)Db=eM
赤字,あかじ,적자,JLPT JLPT_1,HI03WP|@HB
明かす,あかす,밝히다·드러내다,JLPT JLPT_1,KwYk}cvf;4
赤らむ,あからむ,붉어지다·발개지다,JLPT JLPT_1,j<sn*Q2&fX
上がり,あがり,올라감·수입·마무리,JLPT JLPT_1,P4)VsPElC3
諦め,あきらめ,포기·단념,JLPT JLPT_1,t[6Mba+ksr
アクセル,アクセル,엑셀·가속 페달,JLPT JLPT_1,Ne4X+cGeo>
あくどい,あくどい,악랄하다·지나치게 화려하다,JLPT JLPT_1,lc&@RDrWR_
顎,あご,턱,JLPT JLPT_1,Ptm5MS8ifU
憧れ,あこがれ,동경·그리움,Intermediate_Japanese Intermediate_Japanese_Ln.8 JLPT JLPT_1,xBeDF#=-sz
麻,あさ,삼·마,JLPT JLPT_1,w(rcEk/VmK
あざ,あざ,멍·반점,JLPT JLPT_1,d*;1c9:{uT
浅ましい,あさましい,한심하다·비열하다,JLPT JLPT_1,s)pIL-ZA22
欺く,あざむく,속이다·기만하다,JLPT JLPT_1,A$ma^<[.oV
鮮やか,あざやか,선명함·또렷함,JLPT JLPT_1,NLW7^$tsZW
嘲笑う,あざわらう,비웃다·조소하다,JLPT JLPT_1,JUQ*e7*7@1
悪しからず,あしからず,나쁘게 생각지 마십시오,JLPT JLPT_1,mzY7to>XD=
味わい,あじわい,맛·풍미,JLPT JLPT_1,AnF0/M>eGJ
焦る,あせる,초조해하다·조바심내다,JLPT JLPT_1,CQ6a[yufGz
あせる,あせる,바래다·퇴색하다,JLPT JLPT_1,z&GHas=YL$
値,あたい,값·가치,JLPT JLPT_1,npzK5/Lv`K
値する,あたいする,~할 만하다·가치가 있다,JLPT JLPT_1,ft<yLz[qaG
悪化,あっか,악화,JLPT JLPT_1,sbr2W2n7MW
扱い,あつかい,취급·대우,JLPT JLPT_1,mENSd|EXrx
呆気ない,あっけない,어이없다·싱겁다,JLPT JLPT_1,Ia5OpTaxp^
あっさり,あっさり,담백하게·깨끗이·산뜻하게,JLPT JLPT_1,oXkv96df2[
斡旋,あっせん,알선·중개,JLPT JLPT_1,e&lS=AStXV
圧倒,あっとう,압도,JLPT JLPT_1,K|Yu^{#OdF
圧迫,あっぱく,압박,JLPT JLPT_1,lV=]6c^zXy
あつらえる,あつらえる,주문하다·맞춤 제작하다,JLPT JLPT_1,w5:fR-]SC?
圧力,あつりょく,압력,JLPT JLPT_1,MjVQW+>`YR
当て,あて,기대·목표·의지함,JLPT JLPT_1,jo;`0^*cS-
宛,あて,~앞·~귀하,JLPT JLPT_1,FnD29QA$}R
当て字,あてじ,아테지·한자의 뜻에 상관없이 음을 빌려 쓰는 표기,JLPT JLPT_1,"Q]8,F~AaiU"
跡継ぎ,あとつぎ,후계자·상속인,JLPT JLPT_1,FOSj&QueO&
後回し,あとまわし,뒤로 미룸,JLPT JLPT_1,gtJh53r?xb
油絵,あぶらえ,유화,JLPT JLPT_1,D+4-`qnb~N
アプローチ,アプローチ,어프로치·접근,JLPT JLPT_1,jEr0e9w(yl
あべこべ,あべこべ,거꾸로·반대,JLPT JLPT_1,"H,+X<T.gD6"
甘える,あまえる,어리광 부리다·응석 부리다,JLPT JLPT_1,Ive+A5(inn
雨具,あまぐ,비구·우장·우비,JLPT JLPT_1,I?IUPpQj*?
甘口,あまくち,단맛·순한 맛,JLPT JLPT_1,RiEI$=-[gq
アマチュア,アマチュア,아마추어,JLPT JLPT_1,cX1.fT!T=M
網,あみ,그물·망,JLPT JLPT_1,H|d6ZL#<h!
操る,あやつる,조종하다·다루다,JLPT JLPT_1,NxyDR}@Pt9
危ぶむ,あやぶむ,걱정하다·우려하다·의심하다,JLPT_1 JLPT,NLhG0QOC$/
あやふや,あやふや,모호함·불확실함,JLPT_1 JLPT,LTY%:.1iV#
過ち,あやまち,잘못·과오,JLPT_1 JLPT,tiN`@Or{&y
誤る,あやまる,실수하다·틀리다,JLPT_1 JLPT,y69Q^~B7be
歩み,あゆみ,걸음·진보·역사,JLPT_1 JLPT,d|SHU+C9ln
歩む,あゆむ,걷다,JLPT_1 JLPT,wd7~%O7i%s
予め,あらかじめ,미리·사전에,JLPT_1 JLPT,M^Q%nck}}~
荒らす,あらす,황폐하게 하다·어지럽히다,JLPT_1 JLPT,F`n@R=:)nH
争い,あらそい,다툼·싸움·분쟁,JLPT_1 JLPT,iM26j%{^}<
改まる,あらたまる,고쳐지다·새로워지다·격식을 차리다,JLPT_1 JLPT,POJ?~MwZC;
荒っぽい,あらっぽい,난폭한·거친,JLPT_1 JLPT,"b<,B2X1W>,"
アラブ,アラブ,아랍,JLPT_1 JLPT,w?fz6N5_8f
霰,あられ,싸라기눈·우박,JLPT_1 JLPT,l3>xH[yiS~
有り様,ありさま,모습·상태,JLPT_1 JLPT,riAt}Dj+*6
ありのまま,ありのまま,있는 그대로·사실대로,JLPT_1 JLPT,u#p2]kp|]n
ありふれる,ありふれる,흔하다,JLPT_1 JLPT,L>m1Qj9_w`
アルカリ,アルカリ,알칼리,JLPT_1 JLPT,bjn}>(kN_4
アルミ,アルミ,알루미늄,JLPT_1 JLPT,hd2y8v&/eK
アワー,アワー,시간·아워,JLPT_1 JLPT,mk~JH>ZLLt
合わす,あわす,합치다·맞추다,JLPT_1 JLPT,NbeP;-&Q9x
合せ,あわせ,합계·전부 합해서,JLPT_1 JLPT,txB~izZs$4
アンコール,アンコール,앙코르,JLPT_1 JLPT,Nor`ur!?#f
暗殺,あんさつ,암살,JLPT_1 JLPT,k9nuX~0z?!
暗算,あんざん,암산,JLPT_1 JLPT,iVkFrF?o$Q
暗示,あんじ,암시,JLPT_1 JLPT,v]TQH!b:3E
案じる,あんじる,걱정하다·궁리하다,JLPT_1 JLPT,A+tw-W2up/
安静,あんせい,안정·정양,JLPT_1 JLPT,m~/57eSA#(
案の定,あんのじょう,예상대로·아니나 다를까,JLPT_1 JLPT,hA}d;?>d]S
いい加減,いいかげん,적당히·무책임함·엉터리,JLPT_1 JLPT,m&1q/@m2Fo
言い訳,いいわけ,변명·핑계,JLPT_1 JLPT,bHn3PYYDDh
イエス,イエス,예스·네·예수,JLPT_1 JLPT,JNh+4Yr8ef
家出,いえで,가출,JLPT_1 JLPT,Q=S6%hckV-
生かす,いかす,살리다·활용하다,JLPT_1 JLPT,I!~Ls+W17l
いかに,いかに,어떻게·어느 정도로,JLPT_1 JLPT,wc[[YL_8xy
いかにも,いかにも,정말·참으로,JLPT_1 JLPT Intermediate_Japanese_Ln.13 Intermediate_Japanese,pGTXJh*xKy
異議,いぎ,이의,JLPT_1 JLPT,Ipl}wWGO>v
生き甲斐,いきがい,삶의 보람,JLPT_1 JLPT,q|opo=i1Z%
行き違い,いきちがい,엇갈림·오해,JLPT_1 JLPT,Kn3O$k3Ndh
意気込む,いきごむ,의기양양하다·열중하다,JLPT_1 JLPT,"uCP,dS?ITJ"
育成,いくせい,육성,JLPT_1 JLPT,xgDyhh?MvF
幾多,いくた,허다함·수많은,JLPT_1 JLPT,sVgAdcK5_K
生ける,いける,(꽃을) 꽂다·살리다,JLPT JLPT_1 MediaMissing,"cEGS[d,K$s"
異見,いけん,이견·다른 의견,JLPT_1 JLPT,C`nnyFMEP*
意向,いこう,의향,JLPT_1 JLPT,c<RmCn8fq1
移行,いこう,이행·바뀜,JLPT_1 JLPT,zCUU7WXKx4
いざ,いざ,자·막상·만일의 경우,JLPT_1 JLPT,i:/h1W-xdl
移住,いじゅう,이주,JLPT_1 JLPT,yfmy@>bgJz
衣装,いしょう,의상,JLPT_1 JLPT,JM:)/^6vfs
いじる,いじる,만지다·만지작거리다,JLPT_1 JLPT,9Nx^_^#j8
異性,いせい,이성 (다른 성별),JLPT_1 JLPT,c(LysD`~z]
遺跡,いせき,유적,JLPT_1 JLPT,FHxuAULxsj
依存,いぞん,의존,JLPT_1 JLPT,vHQ}.~FHmp
委託,いたく,위탁,JLPT_1 JLPT,"JRy,(Dx:,n"
いたって,いたって,매우·몹시·극히,JLPT_1 JLPT,%<{<.)4xj
出世,しゅっせ,출세,JLPT_1 JLPT,"E,W%,6&bwX"
出題,しゅつだい,출제,JLPT_1 JLPT,s9z]c<[6wR
出動,しゅつどう,출동,JLPT_1 JLPT,DVV5Q3:VIK
出費,しゅっぴ,지출·비용,JLPT_1 JLPT,t(JNS{XhuZ
出品,しゅっぴん,출품,JLPT_1 JLPT,w}1f=TEQZ|
主導,しゅどう,주도,JLPT_1 JLPT,"d-6;%xC,V("
主任,しゅにん,주임,JLPT_1 JLPT Intermediate_Japanese_Ln.8 Intermediate_Japanese,P`pi2j!/Zn
首脳,しゅのう,수뇌·지도자,JLPT_1 JLPT,mH>udydI<)
守備,しゅび,수비,JLPT_1 JLPT,QyYK8_+Gx6
手法,しゅほう,수법·기법,JLPT_1 JLPT,fWl){e*%x`
樹木,じゅもく,수목·나무,JLPT_1 JLPT,A6EcuVTEn~
樹立,じゅりつ,수립,JLPT_1 JLPT,<gHQ~x_IM
準急,じゅんきゅう,준급행,JLPT_1 JLPT,s!T{c]d?zv
準じる,じゅんじる,준하다·따르다,JLPT_1 JLPT,j=V@~uS;G4
署,しょ,~서 (경찰서 등 관청),JLPT_1 JLPT,A<!E3T_0vF
症,しょう,~증 (질병),JLPT_1 JLPT,y^!rJ~5v8t
証,しょう,~증 (증명서),JLPT_1 JLPT,w[XPaJS[}z
嬢,じょう,~양 (아가씨),JLPT_1 JLPT,P&R@B~a4:4
上位,じょうい,상위,JLPT_1 JLPT,s<}P@-YNu`
上演,じょうえん,상연,JLPT_1 JLPT,Ih+PnzSX5U
城下,じょうか,성하·성 근처 마을,JLPT_1 JLPT,FP&uiV(R^g
消去,しょうきょ,소거·삭제,JLPT_1 JLPT,KIr]^O720X
上空,じょうくう,상공,JLPT_1 JLPT,AT)AL!}Jds
衝撃,しょうげき,충격,JLPT_1 JLPT,rK5G)+e65!
証言,しょうげん,증언,JLPT_1 JLPT,s_3h<=-PI[
証拠,しょうこ,증거,JLPT_1 JLPT,H}OPDaDiwx
照合,しょうごう,대조·확인,JLPT_1 JLPT,hlgHN62g|{
詳細,しょうさい,상세·자세함,JLPT_1 JLPT,K:oLa1D.!N
上昇,じょうしょう,상승,JLPT_1 JLPT,sWkm1|AEBC
昇進,しょうしん,승진,JLPT_1 JLPT,d~xF3H=[az
称する,しょうする,칭하다·부르다,JLPT_1 JLPT,tSb%>:%%!V
情勢,じょうせい,정세·상황,JLPT_1 JLPT,MJ1D.[x{)c
消息,しょうそく,소식,JLPT_1 JLPT,u6>otPY%%b
承諾,しょうだく,승낙,JLPT_1 JLPT,qBKI4V%6RZ
情緒,じょうちょ,정서·감정,JLPT_1 JLPT,k3To8MWJIl
情緒,じょうしょ,정서·감정,JLPT_1 JLPT,tX-.yH%tsu
象徴,しょうちょう,상징,JLPT_1 JLPT,Nr_Pr2R$>-
小児科,しょうにか,소아과,JLPT_1 JLPT,BV(PyO5`Xp
使用人,しようにん,고용인·하인,JLPT_1 JLPT,LygcFyOci?
情熱,じょうねつ,정열·열정,JLPT_1 JLPT,I{iqV8B>VE
譲歩,じょうほ,양보,JLPT_1 JLPT,qTRRmo8`cg
条約,じょうやく,조약,JLPT_1 JLPT Intermediate_Japanese_Ln.8 Intermediate_Japanese,mBj5_YKg@T
勝利,しょうり,승리,JLPT_1 JLPT,G@C3MHqMp~
上陸,じょうりく,상륙,JLPT_1 JLPT,P?*6mTt|Ou
蒸溜,じょうりゅう,증류,JLPT_1 JLPT,N0wHhg4iZ}
奨励,しょうれい,장려,JLPT_1 JLPT,m8|HwkmQWl
ショー,ショー,쇼,JLPT_1 JLPT,i~@270zDDg
除外,じょがい,제외,JLPT_1 JLPT,An-_sCcDl?
職員,しょくいん,직원,JLPT_1 JLPT,"c/)%MF,^yx"
植民地,しょくみんち,식민지,JLPT_1 JLPT,pqv+nRs.EA
職務,しょくむ,직무,JLPT_1 JLPT,M%7$<MDK;D
諸君,しょくん,제군 (여러분),JLPT_1 JLPT,w8&8<Oq8q1
助言,じょげん,조언,JLPT_1 JLPT Intermediate_Japanese Intermediate_Japanese_Ln.11,jgva&{5Yv}
徐行,じょこう,서행,JLPT_1 JLPT,1}h4@}[.}
所在,しょざい,소재 (장소),JLPT_1 JLPT,HYCS:(5sD5
所持,しょじ,소지 (가짐),JLPT_1 JLPT,FFV#Fu]e{M
所属,しょぞく,소속,JLPT_1 JLPT,kcA;O>C=q2
処置,しょち,처치·조치,JLPT_1 JLPT,oElimwftu&
しょっちゅう,しょっちゅう,늘·언제나,JLPT_1 JLPT,qt.$TI&_S;
所定,しょてい,소정 (정해진 바),JLPT_1 JLPT,lE2*Emk;Hc
所得,しょとく,소득,JLPT_1 JLPT,x{~.Tp:rb[
処罰,しょばつ,처벌,JLPT_1 JLPT,"gNz:>*,MG$"
初版,しょはん,초판,JLPT_1 JLPT,fiRSr!;Y&A
書評,しょひょう,서평,JLPT_1 JLPT,x:`od~M8;V
処分,しょぶん,처분,JLPT_1 JLPT,ob921zNQ/x
庶民,しょみん,서민,JLPT_1 JLPT,m?>)`ISejw
庶務,しょむ,서무,JLPT_1 JLPT,ibnBaKrH9N
所有,しょゆう,소유,JLPT_1 JLPT,M/&X&72l%L
調べ,しらべ,조사·가락·조절,JLPT_1 JLPT,K1M}#OQ[$e
自立,じりつ,자립,JLPT_1 JLPT,AxK*wI27?U
記す,しるす,적다·기록하다,JLPT_1 JLPT,IY#:UXg$YC
指令,しれい,지령,JLPT_1 JLPT,f3?Z1%=TF7
心,しん,~심·~마음,JLPT_1 JLPT,jQ&{mv~mg}
陣,じん,진·진영,JLPT_1 JLPT,P;NE${7wn9
進化,しんか,진화,JLPT_1 JLPT,N0sG+rp=}d
人格,じんかく,인격,JLPT_1 JLPT,bv:L&X%{w_
審議,しんぎ,심의,JLPT_1 JLPT,ljmGvuxGK[
新婚,しんこん,신혼,JLPT_1 JLPT,kXZM5E]M1a
審査,しんさ,심사,JLPT_1 JLPT,Aov$8-^cUL
人材,じんざい,인재,JLPT_1 JLPT,C?4X*:ZTpD
紳士,しんし,신사,JLPT_1 JLPT,x9OmT9u38P
真実,しんじつ,진실,JLPT_1 JLPT,oVA.}`H~AT
信者,しんじゃ,신자,JLPT_1 JLPT,xS[kK:ZdWC
真珠,しんじゅ,진주,JLPT_1 JLPT,AK4RS}QdNe
進出,しんしゅつ,진출,JLPT_1 Intermediate_Japanese_Ln.14 JLPT Intermediate_Japanese,K-D|x_JFrP
心情,しんじょう,심정,JLPT_1 JLPT,PHxCA~>U^}
新人,しんじん,신인,JLPT_1 JLPT,n<1jM&wYZ&
神聖,しんせい,신성,JLPT_1 JLPT,N+v0O:SZ6<
親善,しんぜん,친선,JLPT_1 JLPT,e$!ZsAnYeT
真相,しんそう,진상,JLPT_1 JLPT,"IQ@9>LJ,&M"
迅速,じんそく,신속,JLPT_1 JLPT,g^-!|Cie-4
人体,じんたい,인체,JLPT_1 JLPT,wqIT;%IHe9
新築,しんちく,신축,JLPT_1 JLPT,Ozg8V>5l.l
心中,しんじゅう,정사 (함께 자살함),JLPT_1 JLPT,H1pTQNX=9t
進呈,しんてい,증정,JLPT_1 JLPT,CZ`K3:aqAR
進展,しんてん,진전,JLPT_1 JLPT,b(>k}9=qxl
神殿,しんでん,신전,JLPT_1 JLPT,y(skY$ucA+
進度,しんど,진도,JLPT_1 JLPT,yu/)M8)V(L
振動,しんどう,진동,JLPT_1 JLPT,sad?lNEJ3g
新入生,しんにゅうせい,신입생,JLPT_1 Intermediate_Japanese_Ln.5 JLPT Intermediate_Japanese,x)<B[r6{jj
信任,しんにん,신임,JLPT_1 JLPT,"hWLnw4y,]t"
神秘,しんぴ,신비,JLPT_1 JLPT,"N,Y7P[tIGQ"
辛抱,しんぼう,참음·인내,JLPT_1 JLPT,uU~=4Y)qMA
人民,じんみん,인민,JLPT_1 JLPT,nAw=2?(bZX
侵略,しんりゃく,침략,JLPT_1 JLPT,hsxv1184OS
診療,しんりょう,진료,JLPT_1 JLPT,x1%iVb>rlb
粋,すい,수·세련됨,JLPT_1 JLPT,zsq|f`1Yv
水源,すいげん,수원·강의 근원,JLPT_1 JLPT,n/^g6e7/@{
推進,すいしん,추진,JLPT_1 JLPT,"J08-VaUM,s"
吹奏,すいそう,취주 (관악기 연주),JLPT_1 JLPT,m]6xm=<uJ6
推測,すいそく,추측,JLPT_1 JLPT,zvP)r1F]3S
水田,すいでん,수전·논,JLPT_1 JLPT,v5ySQN]{G>
推理,すいり,추리,JLPT_1 JLPT,jer`Bu/O84
数詞,すうし,수사 (숫자),JLPT_1 JLPT,p</Ez{aJ5+
崇拝,すうはい,숭배,JLPT_1 JLPT,Hw_TI!gx2(
据え付ける,すえつける,설치하다·비치하다,JLPT_1 JLPT,BP/>6=lZh5
据える,すえる,놓다·설치하다,JLPT_1 JLPT,t!g&pW29AZ
すがすがしい,すがすがしい,상쾌하다·시원하다,JLPT_1 JLPT,rK/?@VVUlf
救い,すくい,구원·도움,JLPT_1 JLPT,qsOm7CX`b8
すくう,すくう,(물을) 뜨다·퍼내다,JLPT_1 JLPT,iDqa!wq<Tq
健やか,すこやか,건강한·정정한,JLPT_1 JLPT,"hH9J*t,rc_"
濯ぐ,すすぐ,헹구다·씻어내다,JLPT_1 JLPT,E0ffUY?7qt
進み,すすみ,진행·진보,JLPT_1 JLPT,p1:(iOmlNJ
裾,すそ,자락·옷자락,JLPT_1 JLPT,xF_(AQj}lF
スタジオ,スタジオ,스튜디오,JLPT_1 JLPT,ic%[^BEKt/
スチーム,スチーム,스팀·증기,JLPT_1 JLPT,nXB;]AdyMC
ストライキ,ストライキ,파업 (스트라이크),JLPT_1 JLPT,nf-SMH*rKm
スト,スト,파업 (스트라이키의 약어),JLPT_1 JLPT,oc==H8k2kf
ストロー,ストロー,빨대·스트로,JLPT_1 JLPT,A.~AmwkH4Z
ストロボ,ストロボ,스트로보·플래시,JLPT_1 JLPT,rNiv+g8N.Q
すばしこい,すばしこい,민첩한·재빠른,JLPT_1 JLPT,p[HsSa}_~h
素早い,すばやい,재빠른·민첩한,JLPT_1 JLPT,qLzUXrbxxM
ずばり,ずばり,딱 잘라·적중함,JLPT_1 JLPT,zNubn^c5m8
スプリング,スプリング,스프링·봄,JLPT_1 JLPT,M&<1|Qyfm^
スペース,スペース,스페이스·공간,JLPT_1 JLPT,"mfYc5:,T$)"
ずぶぬれ,ずぶぬれ,흠뻑 젖음,JLPT_1 JLPT,O=YLrvca-#
スポーツカー,スポーツカー,스포츠카,JLPT_1 JLPT,ILQ_{U)ioI
澄ます,すます,맑게 하다·귀를 기울이다,JLPT_1 JLPT,o+[:%ypXAI
清ます,すます,맑게 하다·귀를 기울이다,JLPT_1 JLPT,gWgE<)O|pN
済ます,すます,마치다·끝내다·해결하다,JLPT_1 JLPT,BI9b~SlUc1
すみやか,すみやか,신속함·조속함,JLPT_1 JLPT,MC/)GM9mOK
スラックス,スラックス,슬랙스,JLPT_1 JLPT,tpKEoAzoEC
ずらっと,ずらっと,쭉 늘어서서,JLPT_1 JLPT,GHI-Z0iw2Q
ずるずる,ずるずる,질질·주르르,JLPT_1 JLPT,xPdB)weA$j
ずれ,ずれ,차이·어긋남,JLPT_1 JLPT,ml<Cz:NIm9
すれちがい,すれちがい,엇갈림,JLPT_1 JLPT,h}n%.0]G*]
擦れる,すれる,스치다·마찰되다,JLPT_1 JLPT,y1pczASP(>
すんなり,すんなり,매끄럽게·술술,JLPT_1 JLPT,c{rT9&J2OZ
生育,せいいく,생육·성장,JLPT_1 JLPT,A*eQ]~1bJ/
成育,せいいく,성육·성장,JLPT_1 JLPT,A=.t}i>GW3
成果,せいか,성과,JLPT_1 JLPT,BVYQfcf%9
正解,せいかい,정답,JLPT_1 JLPT,Lt;.HzCJ&F
正義,せいぎ,정의,JLPT_1 JLPT,C*lSCCu$Is
生計,せいけい,생계,JLPT_1 JLPT,sFe^vK-tW[
政権,せいけん,정권,JLPT_1 JLPT,ySl]BBHxv|
星座,せいざ,별자리,JLPT_1 JLPT,v8-]C(eL~-
制裁,せいさい,제재,JLPT_1 JLPT,"&>5Y-0M,/"
政策,せいさく,정책,JLPT_1 JLPT,"hAD&H|lfX,"
生死,せいし,생사·삶과 죽음,JLPT_1 JLPT,[jWyFv3NW
静止,せいし,정지,JLPT_1 JLPT,o*g2}G_T7@
誠実,せいじつ,성실,JLPT_1 JLPT,bL3/~B_@Jx
成熟,せいじゅく,성숙,JLPT_1 JLPT,mi&AvT*VW%
青春,せいしゅん,청춘,JLPT_1 JLPT,r1RCkb<y|$
清純,せいじゅん,청순,JLPT_1 JLPT,ONr5>]A5d|
聖書,せいしょ,성서·성경,JLPT_1 JLPT,Q@S9S%oEQ1
正常,せいじょう,정상,JLPT_1 JLPT,wA-k/9L$M{
制する,せいする,제압하다·억제하다,JLPT_1 JLPT,rf}l5O&Iya
整然,せいぜん,정연함·질서정연,JLPT_1 JLPT,PN>H*K1;6z
盛装,せいそう,성장을 함·화려한 옷차림,JLPT_1 JLPT,"NT,a6{jkV^"
盛大,せいだい,성대함,JLPT_1 JLPT,oA#/^#fynU
清濁,せいだく,청탁·맑음과 흐림,JLPT_1 JLPT,LIBty_QSI!
制定,せいてい,제정,JLPT_1 JLPT,w/{{PKSO-l
静的,せいてき,정적임·정적인,JLPT_1 JLPT,qS/}NK^[E0
製鉄,せいてつ,제철,JLPT_1 JLPT,q1#~15/jx^
晴天,せいてん,청천·맑은 날씨,JLPT_1 JLPT,O`AKp9t/nh
正当,せいとう,정당함,JLPT_1 JLPT,KYfFW0c&^H
制服,せいふく,제복·교복,JLPT_1 JLPT,KjpnwgIuCJ
征服,せいふく,정복,JLPT_1 JLPT,UI+/g3/T<
製法,せいほう,제법·만드는 법,JLPT_1 JLPT,r$Viif`6:S
精密,せいみつ,정밀,JLPT_1 JLPT,k?w!_L!izK
税務署,ぜいむしょ,세무서,JLPT_1 JLPT,cu&VjhU0YM
制約,せいやく,제약,JLPT_1 JLPT,eGs}Rjdjyu
勢力,せいりょく,세력,JLPT_1 JLPT,jCKk=3Gx//
整列,せいれつ,정렬,JLPT_1 JLPT,K=?{2[EdLY
セール,セール,세일·판매,JLPT_1 JLPT,bTb.7j.bY0
急かす,せかす,재촉하다·서두르게 하다,JLPT_1 JLPT,r25!gS/G>A
伜,せがれ,아들 (자기 아들의 겸칭),JLPT_1 JLPT,CVmDxN*tGx
責務,せきむ,책무·의무,JLPT_1 JLPT,ct_SCVUYk9
セクション,セクション,섹션,JLPT_1 JLPT,oE+>)~hYZ>
世辞,せじ,빈말·아첨,JLPT_1 JLPT,i2*b#^+2.G
世帯,せたい,세대·가구,JLPT_1 JLPT,M;wkDh)_[-
是正,ぜせい,시정,JLPT_1 JLPT,r4z<%];90$
世代,せだい,세대 (제너레이션),JLPT_1 JLPT,vXhkxYs)ro
切開,せっかい,절개,JLPT_1 JLPT,j3{#e(JGO?
セックス,セックス,섹스·성별,JLPT_1 JLPT,p^XJZeb_m$
切実,せつじつ,절실함·절박함,JLPT_1 JLPT,"b(%wDAP,4<"
接触,せっしょく,접촉,JLPT_1 JLPT,euP9o6khjK
接続詞,せつぞくし,접속사,JLPT_1 JLPT,jxx/dj^^[F
設置,せっち,설치,JLPT_1 JLPT,dTa#ev1!lY
折衷,せっちゅう,절충,JLPT_1 JLPT,z.Jdo5|UwK
設定,せってい,설정,JLPT_1 JLPT,EL[q3!y3K%
説得,せっとく,설득,JLPT_1 JLPT,p@nzS4e%Pe
切ない,せつない,애달프다·애절하다,JLPT_1 JLPT,Op2N@ZY@PL
絶版,ぜっぱん,절판,JLPT_1 JLPT,wscau>2!!B
設立,せつりつ,설립,JLPT_1 JLPT,nV|*LLs6}!
攻め,せめ,공격,JLPT_1 JLPT,lp+Bg:0JY+
ゼリー,ゼリー,젤리,JLPT_1 JLPT,pUMI]4pC]5
セレモニー,セレモニー,세레모니·의식,JLPT_1 JLPT,ElF~:n|$Dm
世論,せろん,세론·여론,JLPT_1 JLPT,cn7+uG:k{Q
先,せん,앞·먼저·우선권,JLPT_1 JLPT,K[s:+C@-V{
繊維,せんい,섬유,JLPT_1 JLPT,IoI]vI^@?E
全快,ぜんかい,완쾌,JLPT_1 JLPT,jMG%U5Y*b]
宣教,せんきょう,선교,JLPT_1 JLPT,t2!m+EN<kt
宣言,せんげん,선언,JLPT_1 JLPT,N*Sn3]6F}u
戦災,せんさい,전재 (전쟁 피해),JLPT_1 JLPT,g*>*T{UX8V
専修,せんしゅう,전수 (전문적으로 수련함),JLPT_1 JLPT,iF/[EjL/PH
戦術,せんじゅつ,전술,JLPT_1 JLPT,fClOu9u4S.
センス,センス,센스·감각,JLPT_1 JLPT,kOf@Kc#S!?
潜水,せんすい,잠수,JLPT_1 JLPT,kXmApIVn4{
全盛,ぜんせい,전성기,JLPT_1 JLPT,PA4!?*R&)6
先代,せんだい,선대,JLPT_1 JLPT,A@$Xh`C*#q
先だって,せんだって,요전날·얼마 전에,JLPT_1 JLPT,bpeAMs`g=B
先着,せんちゃく,선착,JLPT_1 JLPT,s5`[<)lze/
前提,ぜんてい,전제,JLPT_1 JLPT,M^(]5)Q28q
先天的,せんてんてき,선천적,JLPT_1 JLPT,e8-*cxos*(
前途,ぜんと,전도·장래,JLPT_1 JLPT,rUv_dSLlLH
戦闘,せんとう,전투,JLPT_1 JLPT,LE#Z8!)h7>
潜入,せんにゅう,잠입,JLPT_1 JLPT,jwMP<D<nu+
船舶,せんぱく,선박,JLPT_1 JLPT,yT?Wj-:Bft
全滅,ぜんめつ,전멸,JLPT_1 JLPT,gs]{cpbeS;
専用,せんよう,전용,JLPT_1 JLPT,E|;c&Jmrd8
占領,せんりょう,점령,JLPT_1 JLPT,N-V{tXojX`
善良,ぜんりょう,선량함,JLPT_1 JLPT,eGNEV*g</#
戦力,せんりょく,전력 (전쟁 수행 능력),JLPT_1 JLPT,jsYNJMtfV.
前例,ぜんれい,전례,JLPT_1 JLPT,z6IRT7DoRm
相応,そうおう,상응·어울림,JLPT_1 JLPT,Cm`/n`5$^$
総会,そうかい,총회,JLPT_1 JLPT,v.Q]y8[=}p
創刊,そうかん,창간,JLPT_1 JLPT,k7n}7cIr>q
雑木,ぞうき,잡목,JLPT_1 JLPT,K-dqvXawa`
早急,そうきゅう,긴급·신속,JLPT_1 JLPT,xFEe8[1r^m
早急,さっきゅう,조급·긴급,JLPT_1 JLPT,n`GeYo>FBk
増強,ぞうきょう,증강,JLPT_1 JLPT,"rV,>ZZ=T]Q"
送金,そうきん,송금,JLPT_1 JLPT,bDXNFraL0R
走行,そうこう,주행,JLPT_1 JLPT,E{T/IqjEfE
総合,そうごう,종합,JLPT_1 JLPT,nY;2hmT##_
捜索,そうさく,수색,JLPT_1 JLPT,Q:2J1qwTVc
蔵相,ぞうしょう,재무장관 (장상),JLPT_1 JLPT,fn1-ZB(4T-
装飾,そうしょく,장식,JLPT_1 JLPT,QA)=&Wj6HM
増進,ぞうしん,증진,JLPT_1 JLPT,IZpN7AL;vh
相対,そうたい,상대,JLPT_1 JLPT,I!n?!w[?BY
壮大,そうだい,장대함·웅장함,JLPT_1 JLPT,"mVUTF,w/3&"
騒動,そうどう,소동,JLPT_1 JLPT,f=viWAh8g@
遭難,そうなん,조난,JLPT_1 JLPT,E:/^OnBk`
相場,そうば,시세,JLPT_1 JLPT,sA7SWg(`IK
装備,そうび,장비,JLPT_1 JLPT,k;e~1ueRAo
創立,そうりつ,창립,JLPT_1 JLPT,jki@VUPP0r
添える,そえる,곁들이다·첨부하다,JLPT_1 JLPT,"h,nxD[s(P9"
ソース,ソース,소스,JLPT_1 JLPT,tTpwt)2AmK
即座に,そくざに,즉석에서·당장,JLPT_1 JLPT,P;B^M<8:(U
促進,そくしん,촉진,JLPT_1 JLPT,qh4@1q0m.W
即する,そくする,입각하다·부응하다,JLPT_1 JLPT,t:DoS~nc0!
束縛,そくばく,속박,JLPT_1 JLPT,l|/yaf0Kt?
側面,そくめん,측면,JLPT_1 JLPT,g+c1Ex)t~@
損う,そこなう,손상시키다·해치다,JLPT_1 JLPT,lT+Npb!3tv
そこら,そこら,그 근처·도처,JLPT_1 JLPT,sWp/2)qrjX
素材,そざい,소재,JLPT_1 JLPT,k+jer~`){}
阻止,そし,저지,JLPT_1 JLPT,H_Bg*f2w~u
訴訟,そしょう,소송,JLPT_1 JLPT,r473?K:c)w
育ち,そだち,자라남·성장,JLPT_1 JLPT,I7y!o0nH<>
措置,そち,조치,JLPT_1 JLPT,wm=Ne<1R~K
ソックス,ソックス,양말 (삭스),JLPT_1 JLPT,bW`v0lIx&{
素っ気無い,そっけない,무뚝뚝함,JLPT_1 JLPT,m@~(NcJuf8
外方,そっぽ,외면·다른 곳,JLPT_1 JLPT,mx1|xYC`zo
備え付ける,そなえつける,비치하다·설치하다,JLPT_1 JLPT,?a*256zVd
備わる,そなわる,갖추어지다,JLPT_1 JLPT,f0#k].O9>M
具わる,そなわる,갖추어지다,JLPT_1 JLPT,hS*=fc5g`d
聳える,そびえる,우뚝 솟다,JLPT_1 JLPT,N#XbC.4.6E
素朴,そぼく,소박,JLPT_1 JLPT,i)~;{+Y_4I
背く,そむく,등지다·어기다,JLPT_1 JLPT,lwG+$Mpa}3
染まる,そまる,물들다,JLPT_1 JLPT,D^_/a/#sXJ
染める,そめる,물들이다,JLPT_1 JLPT,"u,7!Dp;dsk"
そらす,そらす,젖히다·빗나가게 하다,JLPT_1 JLPT,O/=U<S;HO[
そり,そり,썰매,JLPT_1 JLPT,oD<qmOFt48
反る,そる,휘다,JLPT_1 JLPT,IJaW-#q2K8
それゆえ,それゆえ,그러므로·그 까닭에,JLPT_1 JLPT,fd1U3Eqd0z
ソロ,ソロ,솔로·독창,JLPT_1 JLPT,r<H?#?:lfS
揃い,そろい,세트·한 벌,JLPT_1 JLPT,d$?[e]vP*A
ぞんざい,ぞんざい,함부로 함·거칠게 대함,JLPT_1 JLPT,IV/~qgGGDy
損失,そんしつ,손실,JLPT_1 JLPT,q}vnE8Gq;U
存続,そんぞく,존속,JLPT_1 JLPT,k--fc+@]/s
ダース,ダース,다스 (타스),JLPT_1 JLPT,LJ)2+[0^`@
対応,たいおう,대응,JLPT_1 JLPT,KZnf.&v={U
大家,たいか,대가·명가,JLPT_1 JLPT,Nrwns(8SbS
退化,たいか,퇴화,JLPT_1 JLPT,gPs^-F*IXX
大概,たいがい,대개·대체로,JLPT_1 JLPT,h9/$[pq28V
体格,たいかく,체격,JLPT_1 JLPT,F<F1njV;[$
大金,たいきん,거금·큰 돈,JLPT_1 JLPT,m_p4U|6#<L
待遇,たいぐう,대우,JLPT_1 JLPT,F5l%#d#e`l
対決,たいけつ,대결,JLPT_1 JLPT,sKn[*vv=gw
体験,たいけん,개인적인 체험,JLPT_1 JLPT Intermediate_Japanese_Ln.13 Intermediate_Japanese,o%)Oc|W=Ka
対抗,たいこう,대항,JLPT_1 JLPT,Rd@pS:`}f/
退治,たいじ,퇴치,JLPT_1 JLPT,pC*Xx^dBSu
大衆,たいしゅう,대중,JLPT_1 JLPT,nog=kohV~>
対処,たいしょ,대처,JLPT_1 JLPT,yMT#3SVsQ>
退職,たいしょく,퇴직,JLPT_1 JLPT,zj2z79]QG@
題する,だいする,제목을 붙이다,JLPT_1 JLPT,"F)V}e,NP?K"
態勢,たいせい,태세,JLPT_1 JLPT,q2.f(w/7&
対談,たいだん,대담,JLPT_1 JLPT,F(U~._UF.|
大胆,だいたん,대담함,JLPT_1 JLPT,NiV/^uCv:g
対等,たいとう,대등,JLPT_1 JLPT,e2@L)L#}Hy
台無し,だいなし,엉망이 됨,JLPT_1 JLPT,O<W!7i{%=i
滯納,たいのう,체납,JLPT_1 JLPT,"EVFf,lL5*1"
対比,たいひ,대비,JLPT_1 JLPT,QS^fJ(5L6U
タイピスト,タイピスト,타이피스트,JLPT_1 JLPT,rgU6t{db}6
大部,たいぶ,대부분·대단히,JLPT_1 JLPT,M:e6p(bi4/
大便,だいべん,대변·똥,JLPT_1 JLPT,bxG(1E~XYm
代弁,だいべん,대변 (남을 대신해 말함),JLPT_1 JLPT,MRN2]i=t=d
待望,たいぼう,대망·기다리던,JLPT_1 JLPT,qE#$km{TWt
台本,だいほん,대본·시나리오,JLPT_1 JLPT,RgJye)6k}y
タイマー,タイマー,타이머,JLPT_1 JLPT,Jpmdj[Dy-8
怠慢,たいまん,태만,JLPT_1 JLPT,o+E(5HE.HE
タイミング,タイミング,타이밍,JLPT_1 JLPT,xPwaZgIXR*
タイム,タイム,타임·시간,JLPT_1 JLPT,jbo*<.eMG[
タイムリー,タイムリー,적시의·타이밍 좋은,JLPT_1 JLPT,yP9[juCnL[
対面,たいめん,대면,JLPT_1 JLPT,i`k./6SP4;
代用,だいよう,대용,JLPT_1 JLPT,mu!!VPGcN/
体力,たいりょく,체력,JLPT_1 JLPT,k5)wZQr4>y
タイル,タイル,타일,JLPT_1 JLPT,ATn!+%/EU;
対話,たいわ,대화,JLPT_1 JLPT,dArvNg;d~A
耐える,たえる,견디다,JLPT_1 JLPT,fX{nWJ2pLZ
堪える,たえる,견디다,JLPT_1 JLPT,Lk-i;aQnR+
絶える,たえる,끊기다·멸절하다,JLPT_1 JLPT,rTE!2k^D@
断える,たえる,끊기다,JLPT_1 JLPT,Qs%N8rxgY7
打開,だかい,타개,JLPT_1 JLPT,mQ|SYI%fP]
焚火,たきび,모닥불,JLPT_1 JLPT,LcA{{ZbodA
妥協,だきょう,타협,JLPT_1 JLPT,"s%Avc+h,O*"
たくましい,たくましい,늠름하다·강인하다,JLPT_1 JLPT,"P8,W5KAJY/"
巧み,たくみ,교묘함·정교함·솜씨 좋음,JLPT_1 JLPT,i]Z*A6(YX(
丈,たけ,길이·키,JLPT_1 JLPT,enuUDdn`y|
打撃,だげき,타격,JLPT_1 JLPT,"t;}gxU%<,g"
妥結,だけつ,타결,JLPT_1 JLPT,l2ZF^5r/@.
駄作,ださく,졸작·보잘것없는 작품,JLPT_1 JLPT,Lw)j7o&?}o
足し算,たしざん,덧셈,JLPT_1 JLPT,iE/CUShX8n
多数決,たすうけつ,다수결,JLPT_1 JLPT,"OJ~&,3EcJ/"
助け,たすけ,도움·구조,JLPT_1 JLPT,j0*?atjOa+
携わる,たずさわる,종사하다·관계하다,JLPT_1 JLPT,McI/Z<qse(
漂う,ただよう,떠돌다·감돌다,JLPT_1 JLPT,bR^R=T^]/Z
立ち去る,たちさる,떠나다,JLPT_1 JLPT,x4xomzb{(l
立ち寄る,たちよる,잠시 들르다,JLPT_1 JLPT,"i~*^/,u.M%"
抱っこ,だっこ,안기·업기,JLPT_1 JLPT,u]W;19*#xC
達者,たっしゃ,능숙함·건강함,JLPT_1 JLPT,QMO]Jn&?Ra
脱出,だっしゅつ,탈출,JLPT_1 JLPT,rfK<qkCIf]
脱する,だっする,벗어나다·탈출하다,JLPT_1 JLPT,t;JPYpd=u$
達成,たっせい,달성,JLPT_1 JLPT,y%qBRcv/jg
脱退,だったい,탈퇴,JLPT_1 JLPT,ncettC@%js
だったら,だったら,그렇다면,JLPT_1 JLPT,C/Y!eNd>%+
立て替える,たてかえる,대납하다·대신 내주다,JLPT_1 JLPT,kf$XJ8^ry/
建前,たてまえ,겉치레·원칙,JLPT_1 JLPT Intermediate_Japanese_Ln.15 Intermediate_Japanese,L3SqCRekB4
奉る,たてまつる,바치다,JLPT_1 JLPT,f5~QK@<Z?-
だと,だと,~라면,JLPT_1 JLPT,AdbIr)ODQy
他動詞,たどうし,타동사,JLPT_1 JLPT,k%4*4&yY`0
辿り着く,たどりつく,간신히 도착하다,JLPT_1 JLPT,g7HZru1rgh
辿る,たどる,더듬어 가다,JLPT_1 JLPT,wGxS[a6&-W
束ねる,たばねる,묶다·통솔하다,JLPT_1 JLPT,f-6#7v|syX
だぶだぶ,だぶだぶ,헐렁헐렁,JLPT_1 JLPT,gN6($!p`)9
他方,たほう,다른 한편,JLPT_1 JLPT,kBVB0U>~W;
多忙,たぼう,다망·매우 바쁨,JLPT_1 JLPT,&tDV5aeSi
給う,たまう,주시다·내리시다,JLPT_1 JLPT,o3qNRs#MmC
魂,たましい,영혼,JLPT_1 JLPT,Lule^<EV8B
溜まり,たまり,고임·쌓임,JLPT_1 JLPT,vn*T!ewBaY
賜る,たまわる,주시다·내리시다,JLPT_1 JLPT,HP!zs26?IS
保つ,たもつ,유지하다,JLPT_1 JLPT,gTbXu)j!`=
たやすい,たやすい,쉽다·용이하다,JLPT_1 JLPT,AG]dUK?GLW
多様,たよう,다양,JLPT_1 JLPT,vtZOkeWk&x
だるい,だるい,나른하다·지루하다,JLPT_1 JLPT Intermediate_Japanese_Ln.12 Intermediate_Japanese,"ssq5O?,bMD"
弛み,たるみ,느슨함,JLPT_1 JLPT,CfA9KvwrNs
弛む,たるむ,느슨해지다·해이해지다,JLPT_1 JLPT,Q3_&mJpm{q
垂れる,たれる,늘어지다·드리워지다,JLPT_1 JLPT,"dR~s,A!paY"
タレント,タレント,탤런트·연예인,JLPT_1 JLPT,lrfU7E]iMP
タワー,タワー,타워·탑,JLPT_1 JLPT,v5:z0AFR9T
単一,たんいつ,단일,JLPT_1 JLPT,h$`k(ir0Rg
短歌,たんか,단가 (31음 절 시),JLPT_1 JLPT,Ir#MY^13Ie
担架,たんか,들것,JLPT_1 JLPT,HV+tZ)Qo19
短気,たんき,성미가 급함,JLPT_1 JLPT,"q,u5ZnTUee"
団結,だんけつ,단결,JLPT_1 JLPT,nY!|1{!OCq
探検,たんけん,탐험,JLPT_1 JLPT,sRi|/nSA`o
断言,だんげん,단언,JLPT_1 JLPT,w+Gv2p_R~h
短縮,たんしゅく,단축,JLPT_1 JLPT,"loQag*w7,y"
断然,だんぜん,단연,JLPT_1 JLPT,i4oX5JR1dF
炭素,たんそ,탄소,JLPT_1 JLPT,x^}A~2~z<O
短大,たんだい,전문대학,JLPT_1 JLPT,q^nCWsg[HX
単調,たんちょう,단조로움,JLPT_1 JLPT,rL$X_?_Pk#
単独,たんどく,단독,JLPT_1 JLPT,esBhRW$7nM
旦那,だんな,남편·주인,JLPT_1 JLPT,Eg]wBS#KM/
短波,たんぱ,단파,JLPT_1 JLPT,i|6Bns+L;/
蛋白質,たんぱくしつ,단백질,JLPT_1 JLPT,Jp^dQ($699
ダンプ,ダンプ,덤프트럭,JLPT_1 JLPT,Nw}Lm}Btbw
断面,だんめん,단면,JLPT_1 JLPT,GKBfUV.8Iw
弾力,だんりょく,탄력,JLPT_1 JLPT,msj@^X&|0|
捗る,はかどる,진척되다·일이 순조롭게 나아가다,JLPT_1 JLPT,LcVyrW<_Ko
はかない,はかない,덧없다·허무하다·순간적인,JLPT_1 JLPT,wqukd{`F!4
ばかばかしい,ばかばかしい,바보스럽다·터무니없다,JLPT_1 JLPT,PG3w`deiE$
破棄,はき,파기·취소,JLPT_1 JLPT,bm7xC^8X(_
剥ぐ,はぐ,벗기다·박탈하다,JLPT_1 JLPT,D@e1MI=??R
迫害,はくがい,박해,JLPT_1 JLPT,ApZ+iCu%0a
薄弱,はくじゃく,박약함·희박함,JLPT_1 JLPT,f:hfy$ygWT
白状,はくじょう,자백·고백,JLPT_1 JLPT,J/Jj0`N>b{
漠然,ばくぜん,막연함·모호함,JLPT_1 JLPT,z<3ukk)iX!
爆弾,ばくだん,폭탄,JLPT_1 JLPT,qYU+(QByX-
爆破,ばくは,폭파,JLPT_1 JLPT,"m),XrBltSD"
暴露,ばくろ,폭로,JLPT_1 JLPT,i/U;Q_t$DD
励ます,はげます,격려하다·북돋우다,JLPT_1 JLPT Intermediate_Japanese_Ln.13 Intermediate_Japanese,Ov]Au<DThv
励む,はげむ,힘쓰다·노력하다,JLPT_1 JLPT,eRMmv1gB8h
剥げる,はげる,벗겨지다·퇴색하다,JLPT_1 JLPT,m#-VcH[ruD
化ける,ばける,둔갑하다·변장하다,JLPT_1 JLPT,"zsj~iuc<,S"
派遣,はけん,파견,JLPT_1 JLPT,xZEi_Ueutn
恥,はじ,치욕·부끄러움,JLPT_1 JLPT,H_9U]_^tqP
弾く,はじく,튀기다·거절하다·기타 등을 치다,JLPT_1 JLPT,p02dcV&o1#
パジャマ,ちゃっこう,파자마·잠옷,JLPT_1 JLPT,Ipo@;IW-Nr
恥じらう,はじらう,부끄러워하다·수줍어하다,JLPT_1 JLPT,"D}9,{%uTed"
恥じる,はじる,부끄러워하다,JLPT_1 JLPT,p`-?T7SXQx
橋渡し,はしわたし,중개·다리 역할,JLPT_1 JLPT,l%|j(`9GzE
弾む,はずむ,들뜨다·활기가 넘치다·튕기다,JLPT_1 JLPT,jr]t()sL{)
破損,はそん,파손,JLPT_1 JLPT,AcKSLKW:yW
叩く,はたく,먼지를 털다·때리다,JLPT_1 JLPT,"dWYi~RDgh,"
裸足,はだし,맨발,JLPT_1 JLPT,"po~Uf#TR,"
果たす,はたす,완수하다·달성하다,JLPT_1 JLPT,"DK+O{$,$^%"
蜂蜜,はちみつ,벌꿀,JLPT_1 JLPT,t2`Wi>Wvpr
パチンコ,パチンコ,파친코,JLPT_1 JLPT,"N,S-[g<N~X"
罰,ばつ,벌·벌칙,JLPT_1 JLPT,pak.tgGX7x
中毒,はついく,발육,JLPT_1 JLPT,r)!<G?/hIO
発芽,はつが,발아,JLPT_1 JLPT,odw.?IsV+e
発掘,はっくつ,발굴,JLPT_1 JLPT,EM>uH;4cf/
発言,はつげん,발언,JLPT_1 JLPT,LH_cLO;>A#
バッジ,バッジ,배지,JLPT_1 JLPT,yC^3FORnX|
発生,はっせい,발생,JLPT_1 JLPT,[~75YIE]^
仕立てる,したてる,만들다·양복을 짓다·준비하다,JLPT_1 JLPT,c;3A;W&iox
下取り,したどり,중고품 매입(보상판매),JLPT_1 JLPT,x00~X}Z@;z
下火,したび,기세가 꺾임·사그라듦,JLPT_1 JLPT,GXttEHji#P
実,じつ,열매·결실·실제,JLPT_1 JLPT,"O,>]AbA1/T"
実家,じっか,친정·본가,JLPT_1 JLPT,m9e#UdET8v
失格,しっかく,실격,JLPT_1 JLPT,h!}VE0Z-kV
質疑,しつぎ,질의,JLPT_1 JLPT,Mk?<?~7ejy
失脚,しっきゃく,실각,JLPT_1 JLPT,dyF+u*87v/
実業家,じつぎょうか,실업가·사업가,JLPT_1 JLPT,j8A-]Sd~|q
シック,シック,시크함·세련됨,JLPT_1 JLPT,b].GYST!sM
じっくり,じっくり,곰곰이·차분히,JLPT_1 JLPT,OuD=.N_4bL
躾,しつけ,예절 교육·가정 교육,JLPT_1 JLPT,p&pKDPj+ET
躾ける,しつける,가르치다·교육하다,JLPT_1 JLPT,M=EeDC2V^e
実践,じっせん,실천,JLPT_1 JLPT,lCEkku)Adc
質素,しっそ,검소함,JLPT_1 JLPT,Lg&>>9*&@$
実態,ちょくめん,실태,JLPT_1 JLPT,r05!(zrd*p
失調,しっちょう,조절 이상·실조,JLPT_1 JLPT,wL|Xhp<^m}
嫉妬,しっと,질투,JLPT_1 JLPT,"II[T1j,nrR"
実費,じっぴ,실비,JLPT_1 JLPT,"Brcf8cxL,]"
指摘,してき,지적,JLPT_1 JLPT,0XMUSx1~^
自転,じてん,자전·회전,JLPT_1 JLPT,eZnBlzL^Oi
助動詞,じょどうし,조동사,JLPT_1 JLPT,MGBzC/KjZ/
淑やか,しとやか,아담함·우아함,JLPT_1 JLPT,cs-RRQGVDP
萎びる,ちんぎん,시들다·쭈글쭈글해지다,JLPT_1 JLPT,n39PUN5yKB
沈殿,シナリオ,시나리오,JLPT_1 JLPT,mcEC.#phJ/
しなやか,しなやか,탄력 있는·부드러운,JLPT_1 JLPT,"llcgEUgd,}"
屎尿,しにょう,분뇨,JLPT_1 JLPT,L{NJwSJvE1
地主,じぬし,지주·땅주인,JLPT_1 JLPT,P7lP?kfIYU
凌ぐ,しのぐ,능가하다·견뎌내다,JLPT_1 JLPT,G74MSKaZvn
芝,しば,잔디,JLPT_1 JLPT,M1OofFOiDR
始発,しはつ,시발·첫차,JLPT_1 JLPT,b5g^3snh;^
耳鼻科,じびか,이비인후과,JLPT_1 JLPT,M#I&@5u]tl
私物,しぶつ,사물·개인 소유물,JLPT_1 JLPT,vg>TaiCbc?
しぶとい,しぶとい,끈질기다·고집스럽다,JLPT_1 JLPT,mEFQwL`E!]
司法,しほう,사법,JLPT_1 JLPT,^h2%#WFiG
始末,しまつ,마무리·수습·뒤처리,JLPT_1 JLPT,xVDH)/d;?h
染みる,しみる,스며들다·배다,JLPT_1 JLPT,uv-Quw{L2O
使命,しめい,사명,JLPT_1 JLPT,G+Vq)M-:^P
地元,じもと,현지·고장,JLPT_1 JLPT,v:38b>tQ|E
視野,しや,시야,JLPT_1 JLPT,MXdrD7jy4!
弱,じゃく,약함·약간 못 됨,JLPT_1 JLPT,nRYFcY_m8}
社交,しゃこう,사교,JLPT_1 JLPT,vg:~]#q8^J
ジャズ,ジャズ,재즈,JLPT_1 JLPT,A5m[%vwV8S
謝絶,つきる,사절·거절,JLPT_1 JLPT,MBe{>RfT0i
社宅,しゃたく,사택,JLPT_1 JLPT,DbP-W*D~|w
若干,じゃっかん,약간,JLPT_1 JLPT,Q(Uny@e~8I
三味線,しゃみせん,샤미센,JLPT_1 JLPT,s_z^^gPG!F
斜面,しゃめん,사면·경사면,JLPT_1 JLPT,x+=N.j3d7a
砂利,じゃり,자갈,JLPT_1 JLPT,ATQMr:.4bz
洒落る,しゃれる,멋을 내다·세련되다,JLPT_1 JLPT,H%!QFip;AM
ジャンパー,ジャンパー,점퍼,JLPT_1 JLPT,"n,_jvSzMfG"
ジャンプ,ジャンプ,점프,JLPT_1 JLPT,pw$gcH64r%
ジャンボ,ジャンボ,점보·거대한,JLPT_1 JLPT,uk]{9`9Xq{
ジャンル,ジャンル,장르,JLPT_1 JLPT,c5niOf<?L8
主,しゅ,주인·주요함,JLPT_1 JLPT,tZY2oe0@.s
種,しゅ,씨앗·종류,JLPT_1 JLPT,rY$n|JRb)Y
私有,しゆう,사유,JLPT_1 JLPT,jZOSWJzMsO
～宗,～しゅう,~종 (종파),JLPT_1 JLPT,cpa^uYdTpm
収益,しゅうえき,수익,JLPT_1 JLPT,u?TiI-~;B#
修学,しゅうがく,수학·배움,JLPT_1 JLPT,bPtmF5tna#
周期,しゅうき,주기,JLPT_1 JLPT,CsG?_1Ru~6
衆議院,しゅうぎいん,중의원,JLPT_1 JLPT,tTQG>y9]$G
就業,しゅうぎょう,취업,JLPT_1 JLPT,cF>5iCVH#I
従業員,じゅうぎょういん,종업원·직원,JLPT_1 JLPT,e0Gyloi?1+
集計,しゅうけい,집계,JLPT_1 JLPT,s4<5~0hL>(
襲撃,しゅうげき,습격,JLPT_1 JLPT,ogO5j2R_;R
収支,しゅうし,수지·수입과 지출,JLPT_1 JLPT,kLuRkT404Z
終始,しゅうし,종시·처음부터 끝까지,JLPT_1 JLPT,b9XF3_Vc&-
修士,しゅうし,석사,JLPT_1 JLPT,eySOZRKm#K
従事,じゅうじ,종사,JLPT_1 JLPT,kZT/egI[mV
終日,しゅうじつ,종일,JLPT_1 JLPT,AR^6lmvOwg
充実,じゅうじつ,충실함,JLPT_1 JLPT,tGa!Bufhy/
収集,しゅうしゅう,수집,JLPT_1 JLPT,"g+wGkM,J!."
十字路,じゅうじろ,십자로·사거리,JLPT_1 JLPT,M-P484f.3r
執着,しゅうじゃく,집착,JLPT_1 JLPT,u`m`$IGAEz
執着,しゅうちゃく,집착,JLPT_1 JLPT,k5L#!.1c@y
柔軟,じゅうなん,유연함,JLPT_1 JLPT,o$JEWneOMf
重複,じゅうふく,중복,JLPT_1 JLPT,xsR4^tk;%3
収容,しゅうよう,수용,JLPT_1 JLPT,e@q$+H3N_E
従来,じゅうらい,종래·이전부터,JLPT_1 JLPT,m&r$7kIG&x
守衛,しゅえい,수위·경비원,JLPT_1 JLPT,e^0%h@~lt8
主演,しゅえん,주연,JLPT_1 JLPT,n]D<c|Caow
主観,しゅかん,주관,JLPT_1 JLPT,lW5DbL!{A5
修行,しゅぎょう,수행,JLPT_1 JLPT,KirESaOr*_
塾,じゅく,학원,JLPT Intermediate_Japanese JLPT_1 Intermediate_Japanese_Ln.5 Genki_Ln.22 Genki,r6*vU;-fx(
祝賀,しゅくが,축하,JLPT_1 JLPT,wRzD+</l;5
宿命,しゅくめい,숙명,JLPT_1 JLPT,BFNKk^{M1j
手芸,しゅげい,수예,JLPT_1 JLPT,QuReZ-t?cb
主権,しゅけん,주권,JLPT_1 JLPT,bc]8:XVC+v
主催,しゅさい,주최,JLPT_1 JLPT,Az?/+|wSuL
取材,しゅざい,취재,JLPT_1 JLPT,ALv+C0}[Uy
趣旨,しゅし,취지,JLPT_1 JLPT,r#aoMGQ7ru
種々,しゅじゅ,여러 가지,JLPT_1 JLPT,L$zP;w1Dds
主食,しゅしょく,주식,JLPT_1 JLPT,Ff{n(i0=[l
主人公,しゅじんこう,주인공,JLPT_1 JLPT,Ci-hQYEll
主体,しゅたい,주체,JLPT_1 JLPT,"wk,7:5Ulq:"
主題,しゅだい,주제,JLPT_1 JLPT,t4<KTH8w{.
出演,しゅつえん,출연,JLPT_1 JLPT,B>+JLE{F%w
出血,しゅっけつ,출혈,JLPT_1 JLPT,jt7Tvjw[T<
出現,しゅつげん,출현,JLPT_1 JLPT,et$R3oC-m[
出産,しゅっさん,출산,JLPT_1 Intermediate_Japanese_Ln.14 JLPT Intermediate_Japanese,CT4;+h>Ai7
出社,しゅっしゃ,출근,JLPT_1 JLPT,Gd$MA{t_:M
出生,しゅっしょう,출생,JLPT_1 JLPT,CwJVE%al3B
出生,しゅっせい,출생,JLPT_1 JLPT,cV$*)i2b6%
微量,てぢか,미량,JLPT_1 JLPT,Ix21c!hl+{
昼飯,ひるめし,점심밥,JLPT_1 JLPT,B4a{kV3{l&
比例,ひれい,비례,JLPT_1 JLPT,u^9gz.!&Uk
疲労,ひろう,피로,JLPT_1 JLPT,m.KXL51O8=
敏感,びんかん,민감,JLPT_1 JLPT,i]}jt3Q.(f
貧困,ひんこん,빈곤,JLPT_1 JLPT,xy9G9E{K5M
品質,ひんしつ,품질,JLPT_1 JLPT,v)0nMB=(Mu
貧弱,ひんじゃく,빈약함,JLPT_1 JLPT,"AT#enW$Yd,"
品種,ひんしゅ,품종,JLPT_1 JLPT,K%9{]!|f1(
ヒント,ヒント,힌트,JLPT_1 JLPT,l]_+v%b&%R
頻繁,ひんぱん,빈번함,JLPT_1 JLPT,D{nW!<u7<*
貧乏,びんぼう,가난,JLPT_1 JLPT,KjBzaYHZW.
ファイト,ファイト,파이트·투지,JLPT_1 JLPT,"C?{V+<,&x0"
ファイル,ファイル,파일,JLPT_1 Genki_Ln.16 JLPT Genki,srC<dgokBJ
ファン,ファン,팬,JLPT_1 JLPT,hsy0ORScG&
不意,ふい,불의·갑작스러움,JLPT_1 JLPT,xgYlO*O}d~
フィルタ,フィルタ,필터,JLPT_1 JLPT,jmKbIb6QcW
封,ふう,봉함·봉투,JLPT_1 JLPT,iHGcq7T#S>
封鎖,ふうさ,봉쇄,JLPT_1 JLPT,Ae_x+Wt0^{
風車,ふうしゃ,풍차,JLPT_1 JLPT,m${YvIujFj
風習,ふうしゅう,풍습,JLPT_1 JLPT,IfkXX^HH}1
風俗,ふうぞく,풍속,JLPT_1 JLPT,e3n120S&QB
ブーツ,ブーツ,부츠,JLPT_1 JLPT,Nihzy$?;~s
風土,ふうど,풍토,JLPT_1 JLPT,B(IXgyGNd~
ブーム,ブーム,붐·열기,JLPT_1 JLPT,FMQ@X9![T+
フォーム,フォーム,폼·형식·거품,JLPT_1 JLPT,N.>_aoM)4S
部下,ぶか,부하,JLPT Intermediate_Japanese JLPT_1 Intermediate_Japanese_Ln.9 Genki_Ln.22 Genki,At:l-rSeL9
不可欠,ふかけつ,불가결·필수,JLPT_1 JLPT,$D>BzY&Eq
ぶかぶか,ぶかぶか,헐렁헐렁,JLPT_1 JLPT,M4TQ1zs9*D
不吉,ふきつ,불길함,JLPT_1 JLPT,GG4guCQ>St
不況,ふきょう,불황,JLPT_1 JLPT,NAxBuR@3>.
布巾,ふきん,행주,JLPT_1 JLPT,P<Zf%&wJ!m
複合,ふくごう,복합,JLPT_1 JLPT,p=QT;iGf;n
福祉,ふくし,복지,JLPT_1 JLPT,b03!@u1#5V
覆面,ふくめん,복면,JLPT_1 JLPT,QXg#lB9xS_
膨れる,ふくれる,부풀다·불룩해지다,JLPT_1 JLPT,"Ie:O+1U,1j"
不景気,ふけいき,불경기,JLPT_1 JLPT,"iNdMUnu]F,"
耽る,ふける,빠지다·몰두하다,JLPT_1 JLPT,v[B)O.T7PD
老ける,ふける,나이 먹다·늙다,JLPT_1 JLPT,QZ$)s`u+7V
富豪,ふごう,부호·부자,JLPT_1 JLPT,de)G:rS8ob
布告,ふこく,포고,JLPT_1 JLPT,m`EP77(8*G
ブザー,ブザー,부저,JLPT_1 JLPT,C0kjm{<IuS
負債,ふさい,부채·빚,JLPT_1 JLPT,qG<ySRudYV
不在,ふざい,부재,JLPT_1 JLPT,rCM+ktTr!?
ふさわしい,ふさわしい,어울리다·적합하다,JLPT_1 JLPT,j1c*Q9d`L}
不順,ふじゅん,불순함,JLPT_1 JLPT,kwTZda>KFz
負傷,ふしょう,부상,JLPT_1 JLPT,o+oZbWGZ`o
侮辱,ぶじょく,모욕,JLPT_1 JLPT,g>J&PTIuaT
不審,ふしん,불심·의심스러움,JLPT_1 JLPT,jmIlRt&BUg
不振,ふしん,부진,JLPT_1 JLPT,G]_~>elSdu
武装,ぶそう,무장,JLPT_1 JLPT,JTlLA8kPQ$
札,ふだ,패·표·패말,JLPT_1 JLPT,P_/*Zy2*:b
負担,ふたん,부담,JLPT_1 Intermediate_Japanese_Ln.14 JLPT Intermediate_Japanese,Gta/;X`Z+t
不調,ふちょう,부조·상태가 나쁨,JLPT_1 JLPT,j!ymTpYo|(
復活,ふっかつ,부활,JLPT_1 JLPT,Hga}Pqjl1G
物議,ぶつぎ,물의·논란,JLPT_1 JLPT,E>jQlZ<@Gi
復旧,ふっきゅう,복구,JLPT_1 JLPT,v+skQS.kck
復興,ふっこう,부흥,JLPT_1 JLPT,DSf6z@!#o3
物資,ぶっし,물자,JLPT_1 JLPT,wx*<XPsco8
仏像,ばかばかしい,불상,JLPT_1 JLPT,oCnal+d5Dm
物体,ぶったい,물체,JLPT_1 JLPT,vQK(_s<&_e
沸騰,ふっとう,비등·끓어오름,JLPT_1 JLPT,K!6nK8uJ5*
不当,ふとう,부당함,JLPT_1 JLPT,"AB;-J~^I,j"
不動産,ふどうさん,부동산,JLPT_1 JLPT,Mv%siEq0S4
無難,ぶなん,무난함,JLPT_1 JLPT,L:*{h+[3Gh
赴任,ふにん,부임,JLPT_1 JLPT,oAb.`u!o*I
腐敗,ふはい,부패,JLPT_1 JLPT,M`8*mP*qtg
不評,ふひょう,불평·평판이 나쁨,JLPT_1 JLPT,uWKg6kq8N?
暴露,ふふく,불복,JLPT_1 JLPT,efQHJ:1O+%
普遍,ふへん,보편,JLPT_1 JLPT,DU4nCA/=D7
踏まえる,ふまえる,입각하다·근거로 하다,JLPT_1 JLPT,FbvWJQ2aYz
踏み込む,ふみこむ,발을 들여놓다·침입하다,JLPT_1 JLPT,KsQ]!/u$%%
不明,ふめい,불명,JLPT_1 JLPT,c[|*N}]Ng.
部門,ぶもん,부문,JLPT_1 JLPT,fW<r$/Xexi
扶養,ふよう,부양,JLPT_1 JLPT,c&|r4tzL6g
ふらふら,はじく,비틀비틀·갈팡질팡,JLPT_1 JLPT,cGi)S~zu?F
ぶらぶら,ぶらぶら,빈둥빈둥·어슬렁어슬렁,JLPT_1 JLPT,"cSlQ|q,LD<"
振り返る,ふりかえる,뒤돌아보다,JLPT_1 JLPT,i6Y*X-6gv)
振り出し,ふりだし,출발점·(어음) 발행,JLPT_1 JLPT,"A2?E7UEb&,"
不良,ふりょう,불량,JLPT_1 JLPT,APww5XImb>
浮力,ふりょく,부력,JLPT_1 JLPT,DkFrZlvY6D
武力,ぶりょく,무력,JLPT_1 JLPT,l$;!dayR0#
ブル,ブル,불도저·수소,JLPT_1 JLPT,vCf7eeE})t
震わせる,ふるわせる,떨게 하다,JLPT_1 JLPT,j:m!@?JEXR
無礼,ぶれい,무례,JLPT_1 JLPT,hx5Ck[5*mQ
付録,ふろく,부록,JLPT_1 JLPT,z3>_<:;2Kw
フロント,フロント,프런트,JLPT_1 JLPT,QB*(L<))Uf
憤慨,ふんがい,분개,JLPT_1 JLPT,M|ckH|tS}_
文化財,ぶんかざい,문화재,JLPT_1 JLPT,GKrt{zi]?g
分業,ぶんぎょう,분업,JLPT_1 JLPT,BTtV3{+^[7
文語,ぶんご,문어(서술체),JLPT_1 JLPT,O2yEclYZ/f
分散,ぶんさん,분산,JLPT_1 JLPT,w2^IG)[nB&
分子,ぶんし,분자,JLPT_1 JLPT,rK-5&@bZ0^
紛失,ふんしつ,분실,JLPT_1 JLPT,j5|sBvq.}8
噴出,ふんしゅつ,분출,JLPT_1 JLPT,D3z2#~XD*U
文書,ぶんしょ,문서,JLPT_1 JLPT,bo]+8nZw?m
紛争,ふんそう,분쟁,JLPT_1 JLPT,OV3#PrQH78
ふんだん,ふんだん,풍부함·넉넉함,JLPT_1 JLPT,MwIZm`m=c%
分担,ぶんたん,분담,JLPT_1 JLPT,gy+k.s^o1O
奮闘,ふんとう,분투,JLPT_1 JLPT,L`X>(7GS~^
分配,ぶんぱい,분배,JLPT_1 JLPT,r[[VI2iWnz
分母,ぶんぼ,분모,JLPT_1 JLPT,BM+H~/z91A
粉末,ふんまつ,분말,JLPT_1 JLPT,O?vF%vQ*a#
分離,ぶんり,분리,JLPT_1 JLPT,u?^XP3ZSZ)
分裂,ぶんれつ,분열,JLPT_1 JLPT,FG95S7^tJT
ペア,ペア,페어·짝,JLPT_1 JLPT,k=Nb=9qw5N
兵器,へいき,병기·무기,JLPT_1 JLPT,wAUL<0|lY_
閉口,へいこう,말문이 막힘·항복함,JLPT_1 JLPT,g74gm$0hDG
閉鎖,へいさ,폐쇄,JLPT_1 JLPT,m*Y:Rj#(nz
兵士,へいし,병사·군인,JLPT_1 JLPT,B3%=Tm.br`
平常,へいじょう,평상시,JLPT_1 JLPT,i$h--6kH#|
平方,へいほう,평방·제곱,JLPT_1 JLPT,pZOmk8w#A@
並列,へいれつ,병렬,JLPT_1 JLPT,QDMVtj-X)]
ベース,ベース,베이스·기초,JLPT_1 JLPT,m~Et>&CToA
辟易,へきえき,질림·주눅이 듦,JLPT_1 JLPT,wo~f0ok]vp
ぺこぺこ,ぺこぺこ,배가 몹시 고픈 모양·굽실굽실,JLPT_1 JLPT,F.Cz<ZL1y8
ベスト,ベスト,베스트·최선,JLPT_1 JLPT,kVQ_O=hpyu
ベストセラー,ベストセラー,베스트셀러,JLPT_1 JLPT,"k[DIJ,exg`"
隔たる,へだたる,거리가 떨어지다,JLPT_1 JLPT,b4BPS$[Q>/
縁,へり,가장자리·테두리,JLPT_1 JLPT,g}BbfTHa#|
へりくだる,へりくだる,자신을 낮추다·겸손하게 굴다,JLPT_1 JLPT,fb3Sk}Zmt.
弁解,べんかい,변명,JLPT_1 JLPT,Eu*5BbIK^d
変革,へんかく,변혁,JLPT_1 JLPT,JH(PT>%qS{
返還,へんかん,반환,JLPT_1 JLPT,F`|5A?wBp8
便宜,べんぎ,편의,JLPT_1 JLPT,uw9O+5v>m#
偏見,へんけん,편견,JLPT_1 JLPT,H5~Io~/)~0
弁護,べんご,변호,JLPT_1 JLPT,rHoP07l#m/
返済,へんさい,변제·상환,JLPT_1 JLPT,G.5i-maV%u
弁償,べんしょう,변상,JLPT_1 JLPT,H^-g_F:FjG
変遷,へんせん,변천,JLPT_1 JLPT,qt*X5m;y07
返答,へんとう,답변,JLPT_1 JLPT,A+kZ]*6U1q
変動,へんどう,변동,JLPT_1 JLPT,"giBey3?e,4"
弁論,べんろん,변론,JLPT_1 JLPT,A=n2+Ps#LJ
穂,ほ,이삭,JLPT_1 JLPT,c0##(*ojkQ
保育,ほいく,보육,JLPT_1 JLPT,i3iCkIhG8y
ボイコット,ボイコット,보이콧·불매운동,JLPT_1 JLPT,mR[e%~Ga7o
ポイント,ポイント,포인트·점수,JLPT_1 JLPT,J#f7z)[.2}
法案,ほうあん,법안,JLPT_1 JLPT,G67]H`pE*(
防衛,ぼうえい,방위,JLPT_1 JLPT,D~[_4zhU{o
防火,ぼうか,방화,JLPT_1 JLPT,nk53s<H-ud
崩壊,ほうかい,붕괴,JLPT_1 JLPT,"jGI8,H>%=u"
妨害,ぼうがい,방해,JLPT_1 JLPT,k0?pSKRG!b
法学,ほうがく,법학,JLPT_1 JLPT,Mp|Wasr2Aa
封建,ほうけん,봉건,JLPT_1 JLPT,I3}@<tlawU
豊作,ほうさく,풍작,JLPT_1 JLPT,DcQa/!NBRf
方策,ほうさく,방책,JLPT_1 JLPT,jAYb5%jhb
奉仕,ほうし,봉사,JLPT_1 JLPT,jl!5Ew9{A&
方式,ほうしき,방식,JLPT_1 JLPT,JK5hiz`$ai
放射,ほうしゃ,방사,JLPT_1 JLPT,s&NZ<R!wMX
放射能,ほうしゃのう,방사능,JLPT_1 JLPT,gGVwqx%~R]
報酬,ほうしゅう,보수,JLPT_1 JLPT,f3~#Hf{b;R
放出,ほうしゅつ,방출,JLPT_1 JLPT,sh*BL^`)[I
報じる,ほうじる,보도하다·알리다,JLPT_1 JLPT,JFEJ]`)bZ8
報ずる,ほうずる,보도하다·알리다,JLPT_1 JLPT,"KRvk3^-|,F"
紡績,ぼうせき,방적,JLPT_1 JLPT,c(WbBZ;AX4
呆然,ぼうぜん,망연자실함,JLPT_1 JLPT,"D,29%Cq6kO"
放置,ほうち,방치,JLPT_1 JLPT,v(CYy#&;?A
膨張,ぼうちょう,팽창,JLPT_1 JLPT,yrEhMT2lD[
法廷,ほうてい,법정,JLPT_1 JLPT,DT=sfW*:r&
報道,ほうどう,보도,JLPT_1 JLPT,c6C5#ID_tl
冒頭,ぼうとう,모두·서두,JLPT_1 JLPT,j#7sz+T+0t
暴動,ぼうどう,폭동,JLPT_1 JLPT,z>Vj=5Gt8G
褒美,ほうび,포상·상,JLPT_1 JLPT,p$ZOw#.2V@
暴風,ぼうふう,폭풍,JLPT_1 JLPT,G7m5?HCHEG
葬る,ほうむる,매장하다,JLPT_1 JLPT,o:m}t1oj2f
放り込む,ほうりこむ,내던져 넣다,JLPT_1 JLPT,eWW}rHT.ef
放り出す,ほうりだす,내팽개치다·내쫓다,JLPT_1 JLPT,x@6@j{vH4g
暴力,ぼうりょく,폭력,JLPT_1 JLPT,"bBwqHP,dIr"
飽和,ほうわ,포화,JLPT_1 JLPT,e-F){8|6>q
ホース,ホース,호스,JLPT_1 JLPT,mR5}X@MWM{
ポーズ,ポーズ,포즈·휴지,JLPT_1 JLPT,o2eqJ-PY$U
ホール,ホール,홀·구멍,JLPT_1 JLPT,g=V#H+1mJd
保温,ほおん,보온,JLPT_1 JLPT,caxU`1c?H}
捕獲,ほかく,포획,JLPT_1 JLPT,b>64#LmJ&_
保管,ほかん,보관,JLPT_1 JLPT,dQ*M>yKiW}
補給,ほきゅう,보급,JLPT_1 JLPT,Dc(.H5{&b@
補強,ほきょう,보강,JLPT_1 JLPT,J3$|<dn.re
募金,ぼきん,모금,JLPT_1 JLPT,h)Vl=R>l^q
牧師,ぼくし,목사,JLPT_1 JLPT,pz`YHSooKr
捕鯨,ほげい,포경·고래잡이,JLPT_1 JLPT,x$O*osSX;x
惚ける,ぼける,흐리멍덩해지다·노망나다,JLPT_1 JLPT,q*FJd;okG=
手芸,ほけん,보험,JLPT_1 JLPT,Bet5?24idk
母校,ぼこう,모교,JLPT_1 JLPT,qX^1y@?`G[
母国,ぼこく,모국,JLPT_1 JLPT Intermediate_Japanese_Ln.15 Intermediate_Japanese,bSW6]:G@H?
誇る,ほこる,자랑하다,JLPT_1 JLPT,M-#?~#CKEe
綻びる,ほころびる,풀리다·(꽃이) 피기 시작하다,JLPT_1 JLPT,IzpFoG;o+q
干し～,ほし～,말린 ~,JLPT_1 JLPT,is?TC|:$uN
ポジション,ポジション,포지션·위치,JLPT_1 JLPT,PnsJ9Y`/xy
干し物,ほしもの,말린 것·빨래,JLPT_1 JLPT,fiEpVY&=zT
保守,ほしゅ,보수,JLPT_1 JLPT,HeA:gQu%kE
補充,ほじゅう,보충,JLPT_1 JLPT,ovQ+M7ILU)
補助,ほじょ,보조,JLPT_1 JLPT,m?5D3_JP+}
舗装,ほそう,포장 (도로),JLPT_1 JLPT,glr.;x9$x0
補足,ほそく,보족·보충,JLPT_1 JLPT,inE4~;vRlL
墓地,ぼち,묘지,JLPT_1 JLPT,nNMpx>zT&}
発作,ほっさ,발작,JLPT_1 JLPT,J-l0g]=x_p
没収,ぼっしゅう,몰수,JLPT_1 JLPT,FTZs|u+c%T
発足,ほっそく,발족,JLPT_1 JLPT,zOAVt?|e(1
ポット,ポット,포트·단지,JLPT_1 JLPT,eLxlfyvQa!
ほっぺた,ほっぺた,볼·뺨,JLPT_1 JLPT,Jt@~gSztWD
ぼつぼつ,ぼつぼつ,슬슬·조금씩,JLPT_1 JLPT,jz~OVH6f~Q
没落,ぼつらく,몰락,JLPT_1 JLPT,qo9QqJE?e^
解ける,ほどける,풀리다,JLPT_1 JLPT,DA{v}3+Lp$
施す,ほどこす,베풀다·시행하다,JLPT_1 JLPT,gYMa.e[yq>
ほとり,ほとり,부근·근처,JLPT_1 JLPT,h5B>a}=Y4~
ぼやく,ぼやく,투덜대다·푸념하다,JLPT_1 JLPT,DOH?PxBsC~
ぼやける,ひんしゅ,흐릿해지다,JLPT_1 JLPT,"rB,1PHpB=G"
保養,ほよう,보양·휴양,JLPT_1 JLPT,Q#{ir6[3o?
捕虜,ほりょ,포로,JLPT_1 JLPT,qxd6jwjQC6
ボルト,ボルト,볼트,JLPT_1 JLPT,FZLDQ~YD+C
滅びる,ほろびる,멸망하다,JLPT_1 JLPT,"O_YU5EzmO,"
滅ぼす,ほろぼす,멸망시키다,JLPT_1 JLPT,eOA1)SbQq#
本格,ほんかく,본격,JLPT_1 JLPT,DzD$oDSZg.
本館,ほんかん,본관,JLPT_1 JLPT,rO)PGxv/$V
本気,ほんき,진심,JLPT_1 JLPT,m?pL_oxeK4
本国,ほんごく,본국,JLPT_1 JLPT,HviGkp(Y>O
本質,ほんしつ,본질,JLPT_1 JLPT,HQcPpLF4DH
本体,ほんたい,본체,JLPT_1 JLPT,"f]jl3TlH~,"
本音,ほんね,본심·진심에서 우러나오는 말,JLPT_1 JLPT Intermediate_Japanese_Ln.15 Intermediate_Japanese,Li:D?QHH;~
本能,ほんのう,본능,JLPT_1 JLPT,LYsP`F`>Yc
本場,ほんば,본고장,JLPT_1 JLPT,L1wT%E>`J`
ポンプ,ポンプ,펌프,JLPT_1 JLPT,iq>r8*xxvq
本文,ほんぶん,본문,JLPT_1 JLPT,OPcHo]s_IF
本名,ほんみょう,본명,JLPT_1 JLPT,tgSVI-BSzp
マーク,マーク,마크·표시,JLPT_1 JLPT,xSmh(Hx|6s
マイ～,マイ～,나의 ~·마이 ~,JLPT_1 JLPT,M3C.y[*%DG
マイクロフォン,マイクロフォン,마이크로폰·마이크,JLPT_1 JLPT,"O(^,e1PC5c"
埋蔵,まいぞう,매장,JLPT_1 JLPT,x=IBNay?qY
舞う,まう,춤추다·흩날리다,JLPT_1 JLPT,E~)$*yPg`;
真上,まうえ,바로 위,JLPT_1 JLPT,d)IsOG^B=)
前売,まえうり,예매,JLPT_1 JLPT,bq0PjYAHh(
前置き,まえおき,서두·머리말,JLPT_1 JLPT,w66ywP/&&4
任す,まかす,맡기다,JLPT_1 JLPT,p:ILhp([Gw
負かす,まかす,이기다·패배시키다,JLPT_1 JLPT,qi|Hx;t;6u
賄う,まかなう,조달하다·마련하다,JLPT_1 JLPT,z7=~3@j0#5
紛らわしい,まぎらわしい,혼동하기 쉽다·헷갈리다,JLPT_1 JLPT,"h,2f1PppwU"
紛れる,まぎれる,혼동되다·틈타다,JLPT_1 JLPT,d#WX3KXSxZ
真心,まごころ,진심·정성,JLPT_1 JLPT,D6e()w&]x>
布告,まごつく,당황하다·허둥대다,JLPT_1 JLPT,f/~oJkW$x!
誠,まこと,진실·성실,JLPT_1 JLPT,t$vv<u=?i:
誠に,まことに,정말로·진심으로,JLPT_1 JLPT Genki_Ln.20 Genki,P/8R*Tv!+F
まさしく,まさしく,정말로·틀림없이,JLPT_1 JLPT,zuz5Xe$DuA
勝る,まさる,낫다·우수하다,JLPT_1 JLPT,t<|1#xSX&T
～増し,～まし,~증가·~더함,JLPT_1 JLPT,z5+QCF_t-U
交える,まじえる,섞다·교차시키다·나누다,JLPT_1 JLPT,B~3MEZXI+!
真下,ました,바로 아래,JLPT_1 JLPT,Iz;A7a]fD~
まして,まして,하물며·더구나,JLPT_1 JLPT,PY/0T[blt;
交わる,まじわる,교차하다·사귀다,JLPT_1 JLPT,mS|?u$Z<><
麻酔,ますい,마취,JLPT_1 JLPT,"mw>M%F[]D,"
またがる,またがる,올라타다·걸치다,JLPT_1 JLPT,uN3HnTL61M
待ち合わせ,まちあわせ,약속(해서 만나기로 함),JLPT_1 JLPT,IyY!Ll1/sj
待ち遠しい,まちどおしい,몹시 기다려지다,JLPT_1 JLPT,w+0{4=a9>3
待ち望む,まちのぞむ,간절히 기다리다,JLPT_1 JLPT,CwJO9mIIMV
まちまち,まちまち,제각각,JLPT_1 JLPT,Ddw`;bcVVc
末期,まっき,말기,JLPT_1 JLPT,GQt+3/1&iv
真っ二つ,まっぷたつ,정확히 두 조각,JLPT_1 JLPT,rhE|8rVnO$
まと,まと,과녁·표적,JLPT_1 JLPT,Q*)wm/p9we
纏まり,まとまり,정리됨·결말·통일,JLPT_1 JLPT,"z55#c:D.,?"
纏め,まとめ,정리·요약,JLPT_1 JLPT,oa&iF{vs})
免れる,まぬがれる,면하다·벗어나다,JLPT_1 JLPT,s%K15EwNfz
招き,ふとう,초대·초청,JLPT_1 JLPT,yU~T`=>LDi
瞬き,まばたき,깜박임,JLPT_1 JLPT,P9XKDg!![C
麻痺,まひ,마비,JLPT_1 JLPT,"E,_FTp$2/<"
～まみれ,～まみれ,~투성이,JLPT_1 JLPT,"sqX,LlH3-A"
眉,まゆ,눈썹,JLPT_1 JLPT,s]w/H=It~C
鞠,まり,공,JLPT_1 JLPT,L0Js7PDQey
丸ごと,まるごと,통째로,JLPT_1 JLPT,oAOL{@?a=y
まるっきり,まるっきり,전혀·완전히,JLPT_1 JLPT,roz]qfa`JS
丸々,まるまる,전부·통째로,JLPT_1 JLPT,eV$3aB(/)x
丸める,まるめる,둥글게 말다,JLPT_1 JLPT,Nd=%r[H=>c
満月,まんげつ,만월·보름달,JLPT_1 JLPT,dZR3ROGpT$
満場,まんじょう,만장·온 장내,JLPT_1 JLPT,ffiOG%*5K_
真ん前,まんまえ,바로 앞,JLPT_1 JLPT,B[GBnZiI4Z
真ん丸い,まんまるい,동그랗다,JLPT_1 JLPT,F)+$.BY>]K
真ん円い,まんまるい,동그랗다,JLPT_1 JLPT,l73GW43&1I
～味,～み,~미·~맛,JLPT_1 JLPT,JZMc!Ve6^U
見合い,みあい,맞선,JLPT_1 JLPT,dP:cnU(>Lf
見合わせる,みあわせる,마주 보다·보류하다,JLPT_1 JLPT,o0gE$9N?58
見落とす,みおとす,간과하다·못 보고 넘기다,JLPT_1 JLPT,pxrQq~WN~>
未開,みかい,미개,JLPT_1 JLPT,A5z6h|*?{|
味覚,みかく,미각,JLPT_1 JLPT,lw?sswB?B?
幹,みき,줄기,JLPT_1 JLPT,l4N|@LrpFp
見苦しい,みぐるしい,꼴사납다·보기 흉하다,JLPT_1 JLPT,"zoS)q7/,pA"
見込み,みこみ,가망·예상,JLPT_1 JLPT,AJ2+ju9lav
未婚,みこん,미혼,JLPT_1 JLPT,y~*KiMDApr
未熟,みじゅく,미숙함,JLPT_1 JLPT,Mm``I-uL4c
微塵,みじん,미세함·티끌,JLPT_1 JLPT,xr|L`N8dB@
分業,みずけ,습기·물기,JLPT_1 JLPT,"AAG,tXSTs&"
ミスプリント,ミスプリント,오타,JLPT_1 JLPT,MN~t-y(9f/
みすぼらしい,みすぼらしい,초라하다,JLPT_1 JLPT,zZ?|#(.Ue2
ミセス,ミセス,미세스·부인,JLPT_1 JLPT,FN(%bDaCYE
見せびらかす,みせびらかす,과시하다·뽐내다,JLPT_1 JLPT,vp0up+%&~4
見せ物,みせもの,구경거리,JLPT_1 JLPT,Cc24XA|;u.
溝,みぞ,도랑·틈,JLPT_1 JLPT,"k,R(3N{_j9"
満たす,みたす,채우다·만족시키다,JLPT_1 JLPT,B44j~=|$C}
乱す,みだす,어지럽히다,JLPT_1 JLPT,C%T3isV/48
乱れる,みだれる,어지러워지다,JLPT_1 JLPT,KLJg{.X@t^
未知,みち,미지,JLPT_1 JLPT,LJ513rxoTO
身近,みぢか,신변·가까움,JLPT_1 JLPT,bkRa/9L=lh
導く,みちびく,이끌다·인도하다,JLPT_1 JLPT,"A,UwJ4E[I_"
密集,みっしゅう,밀집,JLPT_1 JLPT,iiclZ|l}Fq
密接,みっせつ,밀접,JLPT_1 JLPT,o{R4~BmT^x
密度,みつど,밀도,JLPT_1 JLPT,t`MF+}P~d:
見積もり,みつもり,견적,JLPT_1 JLPT,KD?@iY>SQH
未定,みてい,미정,JLPT_1 JLPT,Q}7[YRL|?=
見通し,みとおし,전망,JLPT_1 JLPT,hHCL?CdIG]
見なす,みなす,간주하다·여기다,JLPT_1 JLPT,E8w4wKW7Y]
源,みなもと,근원·수원,JLPT_1 JLPT,zO=gu0Zqs*
見習う,みならう,본받다,JLPT_1 JLPT,p&yDgKca2!
身なり,みなり,옷차림,JLPT_1 JLPT,s|<m`9tUtv
峰,みね,봉우리,JLPT_1 JLPT,wx-mVJq6fi
身の上,みのうえ,신상·처지,JLPT_1 JLPT,j-p$+}.^ac
見逃す,みのがす,못 본 체하다·놓치다,JLPT_1 JLPT,IsG@e1nb*B
身の回り,みのまわり,신변·주위,JLPT_1 JLPT,"[(&,B0kXN"
見計らう,みはからう,가늠하다·적당히 시기를 보다,JLPT_1 JLPT,"z8AN&Zq,!-"
見晴らし,みはらし,전망·조망,JLPT_1 JLPT,h3a00LHX8h
身振り,みぶり,몸짓,JLPT_1 JLPT Intermediate_Japanese Intermediate_Japanese_Ln.11,Lm.Fj=%/7a
脈,みゃく,맥박,JLPT_1 JLPT,C|`|>zxQM+
ミュージック,ミュージック,뮤직·음악,JLPT_1 JLPT,t9mG6QGvsw
未練,みれん,미련,JLPT_1 JLPT,B=cwZ~017_
見渡す,みわたす,멀리 바라보다,JLPT_1 JLPT,x&]mO6(]ee
民宿,みんしゅく,민숙·민박,JLPT_1 JLPT Intermediate_Japanese_Ln.10 Intermediate_Japanese,yy/1y<3;Yk
民族,みんぞく,민족,JLPT_1 JLPT,p>p/|sT6Jg
民俗,みんぞく,민속,JLPT_1 JLPT,M(tc2N/}z{
無意味,むいみ,무의미,JLPT_1 JLPT,B9C6%m[4lF
ムード,ムード,무드·분위기,JLPT_1 JLPT,JZzdb{.Zc^
無口,むくち,말수가 적음,JLPT_1 JLPT,z:Ts^0TQ4#
婿,むこ,사위,JLPT_1 JLPT,bX1GlIQN8L
無効,むこう,무효,JLPT_1 JLPT,EqE:ixA-k+
無言,むごん,무언,JLPT_1 JLPT,fZ{o?TF{7B
無邪気,むじゃき,천진난만함,JLPT_1 JLPT,L)xB!4E<k?
むしる,むしる,뜯다·쥐어뜯다,JLPT_1 JLPT,.d8S>K-=k
結び,むすび,결말·맺음,JLPT_1 JLPT,d{_<>*~x%J
結び付き,むすびつき,결속·유대,JLPT_1 JLPT,"O3KGVopE,2"
結び付く,むすびつく,결부되다·연결되다,JLPT_1 JLPT,EMFAQ1Kh)m
結び付ける,むすびつける,결부시키다·묶다,JLPT_1 JLPT,fRB2/x*X`A
無線,むせん,무선,JLPT_1 JLPT,y?)Jdm`O>c
無駄遣い,むだづかい,낭비,JLPT_1 JLPT Genki_Ln.22 Genki,"O?A,`d=isH"
無断,むだん,무단,JLPT_1 JLPT,I$Ua7qpQZH
無知,むち,무지,JLPT_1 JLPT,g+^m*mx.<r
無茶,むちゃ,터무니없음·무모함,JLPT_1 JLPT Intermediate_Japanese_Ln.12 Intermediate_Japanese,AEYrHxjg#f
無茶苦茶,むちゃくちゃ,엉망진창,JLPT_1 JLPT,KCqc4.UxPr
空しい,むなしい,공허하다·헛되다,JLPT_1 JLPT,P|:1(IV_+~
無念,むねん,무념·분함,JLPT_1 JLPT,b;piP^Vw+j
無能,むのう,무능,JLPT_1 JLPT,izu(:0$`9@
無闇に,むやみに,함부로·무턱대고,JLPT_1 JLPT,N)&c#LP7Bq
無用,むよう,무용·소용없음,JLPT_1 JLPT,"Oc`U#P0i,-"
斑,むら,얼룩·얼룩덜룩함,JLPT_1 JLPT,ejP4z=)m?O
群がる,むらがる,무리 짓다,JLPT_1 JLPT,vyc%)s7Efv
無論,むろん,물론,JLPT_1 JLPT,I(9V_xrT80
名産,めいさん,명산,JLPT_1 JLPT,KN>?5r|..h
名称,めいしょう,명칭,JLPT_1 JLPT,P!9gSFK*GV
命中,めいちゅう,명중,JLPT_1 JLPT,Qq0/BP{lJ:
明白,めいはく,명백,JLPT_1 JLPT,g|K4[<><hX
名簿,めいぼ,명부,JLPT_1 JLPT,xkhYhi]K-$
名誉,めいよ,명예,JLPT_1 JLPT,PiLIi1%_ER
明瞭,めいりょう,명료,JLPT_1 JLPT,"s[dks,f=+A"
明朗,めいろう,명랑,JLPT_1 JLPT,Kzdx<dR.%]
メーカー,メーカー,제조사·메이커,JLPT_1 JLPT,r)Eust:VuL
目方,めかた,무게·중량,JLPT_1 JLPT,"unS}*nsB,_"
恵み,めぐみ,은혜·축복,JLPT_1 JLPT,gdikXkV`X<
恵む,めぐむ,베풀다,JLPT_1 JLPT,u_D+Zdxyy/
目覚しい,めざましい,눈부시다·괄목할 만하다,JLPT_1 JLPT,"z8UKuy,l`d"
目覚める,めざめる,잠에서 깨다·깨닫다,JLPT_1 JLPT,~I1tdEiJ_
召す,めす,드시다·입으시다(존경어),JLPT_1 JLPT,K%!n2|&<A0
雌,めす,암컷,JLPT_1 JLPT,EW)C>Dc!w6
目付き,めつき,눈매·눈빛,JLPT_1 JLPT,MWZLbZ@^R+
滅亡,めつぼう,멸망,JLPT_1 JLPT,"v,{^w}Wj5u"
メディア,メディア,미디어,JLPT_1 JLPT,A?+IR*&l/Z
目途,めど,목표·전망,JLPT_1 JLPT,iewKY)jVg]
目盛,めもり,눈금,JLPT_1 JLPT,"q0F+,vU3vc"
捕獲,メロディー,멜로디,JLPT_1 JLPT,coHp=(F!o=
面会,めんかい,면회,JLPT_1 JLPT,QB;1.39?j>
免除,めんじょ,면제,JLPT_1 JLPT,ro}g@BYFqK
面する,めんする,면하다·마주하다,JLPT_1 JLPT,oK/f+%co{~
面目,めんぼく,면목,JLPT_1 JLPT,xl=a%LW1Mr
面目,めんもく,면목,JLPT_1 JLPT,p4D(kkU&Ya
～網,～もう,~망 (네트워크),JLPT_1 JLPT,"kks{,EwPh"
設ける,もうける,설치하다·만들다,JLPT_1 JLPT,MQGAfGCn2s
申し入れる,もうしいれる,제안하다·제의하다,JLPT_1 JLPT,A!/~oWN34l
申込,もうしこみ,신청,JLPT_1 JLPT,iTX<OH$n{u
申出,もうしで,신청·제의,JLPT_1 JLPT,"v,YJy~@#5$"
申し出る,もうしでる,신청하다·말하다,JLPT_1 JLPT,o$K|y3;=)!
申し分,もうしぶん,비난할 점·부족함,JLPT_1 JLPT,GNY9])J3>&
盲点,もうてん,맹점,JLPT_1 JLPT,m.:>Z[agNy
猛烈,もうれつ,맹렬함,JLPT_1 JLPT,yLUeQW5(ZA
干し物,モーテル,모텔,JLPT_1 JLPT,mg2c}$GoZg
保守,もがく,발버둥 치다,JLPT_1 JLPT,C7rE2*5O^8
目録,もくろく,목록,JLPT_1 JLPT,uL+agcp`WN
目論見,もくろみ,계획·의도,JLPT_1 JLPT,c9iE`D<`%d
模型,もけい,모형,JLPT_1 JLPT,ed!.{WEf4?
模索,もさく,모색,JLPT_1 JLPT,"B4,c<+ikaa"
もしかして,もしかして,혹시,JLPT_1 JLPT,w5+%$rMA:M
もしくは,もしくは,혹은,JLPT_1 JLPT,f24/]y_t7c
もたらす,もたらす,가져오다·초래하다,JLPT_1 JLPT,k=cp%Lr}Pw
持ち切り,もちきり,계속 지속됨·화제가 됨,JLPT_1 JLPT,Q~!SFE+j1*
目下,もっか,현재·당분간,JLPT_1 JLPT,J1]`GmmTSp
専ら,もっぱら,오로지·주로,JLPT_1 JLPT,tu&L<v;Fqv
もてなす,もてなす,대접하다·환대하다,JLPT_1 JLPT,K@A<3)}2cZ
もてる,もてる,인기 있다,JLPT_1 JLPT,K^XraA[CV!
モニター,モニター,모니터,JLPT_1 JLPT,ztCrx#(s0[
物好き,ものずき,호기심이 강함·색다른 것을 좋아함,JLPT_1 JLPT,Rb?3(vt:f>
物足りない,ものたりない,어딘가 부족하다,JLPT_1 JLPT,KI9JcrBw_2
もはや,もはや,이미·벌써,JLPT_1 JLPT,fZ`+BeK9z~
模範,もはん,모범,JLPT_1 JLPT,Mau9*C?C72
模倣,もほう,모방,JLPT_1 JLPT,yUL<]q3$8n
もめる,もめる,분쟁이 일어나다·시끄러워지다,JLPT_1 JLPT,v(j?vVE;el
股,もも,허벅지,JLPT_1 JLPT,G_TQ_^K>(0
腿,もも,허벅지,JLPT_1 JLPT,Fl0F`YIkpg
催す,もよおす,개최하다·느끼다,JLPT_1 JLPT,qKmEag$Qr@
漏らす,もらす,새게 하다·설사하다·누설하다,JLPT_1 JLPT,k!U%{2y7j|
盛り上がる,もりあがる,달아오르다·부풀어 오르다,JLPT_1 JLPT,g[M=aCpEE[
漏る,もる,새다,JLPT_1 JLPT,ke69%r#AD.
漏れる,もれる,새다·누락되다,JLPT_1 JLPT,f:|ir!hLeQ
脆い,もろい,부서지기 쉽다·마음이 약하다,JLPT_1 JLPT,m7?rDT~~db
もろに,もろに,직접·정면으로,JLPT_1 JLPT,K3fu7*E_vY
矢,や,화살,JLPT_1 JLPT,uA$qbca=&2
野外,やがい,야외,JLPT_1 JLPT,"gD=,$2gpm|"
～薬,～やく,~약,JLPT_1 JLPT,O.[e|Y6E?j
夜具,やぐ,침구·이부자리,JLPT_1 JLPT,EFUa$D)qGB
役職,やくしょく,직책·관리직,JLPT_1 JLPT,o1K=ON/OTS
役場,やくば,면사무소·관공서,JLPT_1 JLPT,g(k9.|^KSZ
やけに,マーク,몹시·지독하게,JLPT_1 JLPT,tyF=qET&O!
屋敷,やしき,저택,JLPT_1 JLPT,kyE@%cV[?g
養う,やしなう,기르다·부양하다,JLPT_1 JLPT,neyyq^bU/c
野心,やしん,야심,JLPT_1 JLPT,n<1rbhOoTc
安っぽい,やすっぽい,값싸 보이다,JLPT_1 JLPT,q./Z7LJ%[7
休める,やすめる,쉬게 하다,JLPT_1 JLPT,JqF3vGaVV
野生,やせい,야생,JLPT_1 JLPT,Fy^pVCXg]$
奴,やつ,놈·녀석,JLPT_1 JLPT,"zof3FA<N,u"
闇,やみ,어둠·암거래,JLPT_1 JLPT,s|4s:5(PD;
病む,やむ,병들다·앓다,JLPT_1 JLPT,H5M2j-I:6B
ややこしい,ややこしい,복잡하다·까다롭다,JLPT_1 JLPT,ICemn<#!-X
やりとおす,やりとおす,끝까지 해내다,JLPT_1 JLPT,J/n?:UTJiF
やりとげる,やりとげる,완수하다,JLPT_1 JLPT,pEIG3P~OVf
和らげる,やわらげる,완화시키다·부드럽게 하다,JLPT_1 JLPT,kl6br!q.AY
ヤング,ヤング,젊은이·영,JLPT_1 JLPT,"gk{d%L,)K+"
～油,～ゆ,~유·기름,JLPT_1 JLPT,QcD#WpcqE6
優位,ゆうい,우위,JLPT_1 JLPT,kt30`|;>Vo
憂鬱,ゆううつ,우울,JLPT_1 JLPT,oT|*}x?p{D
有益,ゆうえき,유익,JLPT_1 JLPT,B/K9zqnWV+
優越,ゆうえつ,우월,JLPT_1 JLPT,J@3^J2[Dqz
勇敢,ゆうかん,용감,JLPT_1 JLPT,ij|^m_ZF8l
夕暮れ,ゆうぐれ,해질녘,JLPT_1 JLPT,xn0Tp1JH0v
融資,ゆうし,융자,JLPT_1 JLPT,G&m_H=N/D;
有する,ゆうする,가지다·소유하다,JLPT_1 JLPT,vkF;K$-{=^
優勢,ゆうせい,우세,JLPT_1 JLPT,L0nx>W(-e+
優先,ゆうせん,우선,JLPT_1 JLPT,l)|YgL5_SN
誘導,ゆうどう,유도,JLPT_1 JLPT,uG_U[CknG5
融通,ゆうずう,융통,JLPT_1 JLPT,n>A>S2P-0$
優美,ゆうび,우아함,JLPT_1 JLPT,}Ap|`a2gY
有望,ゆうぼう,유망함,JLPT_1 JLPT,oFsPf~4K.z
遊牧,ゆうぼく,유목,JLPT_1 JLPT,gJX#eMq!5y
夕焼け,ゆうやけ,노을,JLPT_1 JLPT,H_x[IPS7*X
有力,ゆうりょく,유력함,JLPT_1 JLPT,uhNbfXeT%o
幽霊,ゆうれい,유령,JLPT_1 JLPT,d6/M)isa9B
誘惑,ゆうわく,유혹,JLPT_1 JLPT,hy!Cy1YJLH
故,ゆえ,까닭·이유,JLPT_1 JLPT,h8UChh;E+0
歪む,ゆがむ,비뚤어지다·왜곡되다,JLPT_1 JLPT,O/sWb*b+n=
揺さぶる,ゆさぶる,흔들다·뒤흔들다,JLPT_1 JLPT,o>L:}zi#N(
濯ぐ,ゆすぐ,헹구다,JLPT_1 JLPT,z.SPsly;Tq
ゆとり,ゆとり,여유,JLPT_1 JLPT,NS_6$;R>$L
ユニーク,ユニーク,유니크·독특함,JLPT_1 JLPT,E5Uv4)V5=f
ユニフォーム,ユニフォーム,유니폼,JLPT_1 JLPT,n$7/R&Ww((
指差す,ゆびさす,손가락으로 가리키다,JLPT_1 JLPT,AE`Cr+k?sb
弓,ゆみ,활,JLPT_1 JLPT,mG05Jx(c4U
揺らぐ,ゆらぐ,흔들리다·동요하다,JLPT_1 JLPT,zGZf|<JX8y
緩む,ゆるむ,느슨해지다,JLPT_1 JLPT,m#?_Dh<o@V
緩める,ゆるめる,느슨하게 하다,JLPT_1 JLPT,RfPhr}DF_M
緩やか,ゆるやか,완만함·느릿함,JLPT_1 JLPT,"jM`-s,o~rY"
要因,よういん,요인,JLPT_1 JLPT,"PDhRFT[0+,"
溶液,ようえき,용액,JLPT_1 JLPT,"r|,.l+IJQ{"
用件,ようけん,용건,JLPT_1 JLPT,C-)X0ioICv
養護,ようご,양호·보호,JLPT_1 JLPT,N|{MY>0Lab
用紙,ようし,용지·양식,JLPT_1 JLPT Intermediate_Japanese Intermediate_Japanese_Ln.3,bG0P/-5o6f
様式,ようしき,양식·스타일,JLPT_1 JLPT,xVY.ZL|vDW
要する,ようする,요하다·필요로 하다,JLPT_1 JLPT,P^j;$V:Pev
要請,ようせい,요청,JLPT_1 JLPT,"Dy@,)<4%*N"
様相,ようそう,양상,JLPT_1 JLPT,jpni?rjeGN
用品,ようひん,용품,JLPT_1 JLPT,M7dV_3mZ.d
洋風,ようふう,서양식,JLPT_1 JLPT,tBk{]R??>Z
用法,ようほう,용법,JLPT_1 JLPT,NFkcD+Ao.H
要望,ようぼう,요망,JLPT_1 JLPT,B{KHwh(BxM
余暇,よか,여가,JLPT_1 JLPT,u`/)9|k2cq
予感,よかん,예감,JLPT_1 JLPT,CdRj.vDXXz
余興,よきょう,여흥,JLPT_1 JLPT,se@{9}ijE~
預金,よきん,예금,JLPT_1 JLPT,AT=*3Iv8cw
欲,よく,욕심,JLPT_1 JLPT,wL1+)L#<Om
抑圧,よくあつ,억압,JLPT_1 JLPT,b!*U/^@Y/m
浴室,よくしつ,욕실,JLPT_1 JLPT,H)~?~hPVN<
抑制,よくせい,억제,JLPT_1 JLPT,H)Ghd^1QF6
欲深い,よくふかい,욕심이 많다,JLPT_1 JLPT,e?a3SOn$}u
欲望,よくぼう,욕망,JLPT_1 JLPT Intermediate_Japanese_Ln.13 Intermediate_Japanese,o.og0WiUHF
避ける,よける,피하다,JLPT_1 JLPT,w}V+UOhCI~
予言,よげん,예언,JLPT_1 JLPT,H_Z4P-@?E;
横綱,よこづな,요코즈나,JLPT_1 JLPT,P#D)i6dV;s
汚れ,よごれ,더러움·오염,JLPT_1 JLPT,"jq?[h<.nx,"
よし,よし,좋아·좋았어,JLPT_1 JLPT,u5UVAmt|+p
良し,よし,좋음·알았다,JLPT_1 JLPT,ze3SZ]}-(^
善し悪し,よしあし,선악·좋고 나쁨,JLPT_1 JLPT,ub0?2]DZCo
余所見,よそみ,한눈팔기,JLPT_1 JLPT,rQWf8.vXBd
余地,よち,여지,JLPT_1 JLPT,cFUuXOAAN@
よって,よって,따라서·~에 의해,JLPT_1 JLPT,Jty=:!ShWn
与党,よとう,여당,JLPT_1 JLPT,Pjs4V/6-Tk
呼び止める,よびとめる,불러 세우다,JLPT_1 Intermediate_Japanese_Ln.6 JLPT Intermediate_Japanese,oQ(`IiM1(t
夜更し,よふかし,밤을 새움,JLPT_1 JLPT,b2@Q&QWM~Z
夜更け,よふけ,심야·깊은 밤,JLPT_1 JLPT,EAa.IIVk2{
余程,よほど,상당히·대단히,JLPT_1 JLPT,r:W.A5F_=m
読み上げる,よみあげる,소리 내어 읽다,JLPT_1 JLPT,c2W8@Ns@MB
～寄り,～より,~쪽으로 치우침,JLPT_1 JLPT,AF4/UYB9T5
寄り掛かる,よりかかる,기대다·의지하다,JLPT_1 JLPT,n>&m--dPQu
世論,よろん,여론,JLPT_1 JLPT,gryKv+N</S
弱る,よわる,약해지다·곤란해지다,JLPT_1 JLPT,K>FuuD!+>/
来場,らいじょう,내장·입장,JLPT_1 JLPT,o#f@&YbcYY
ライス,ライス,라이스·밥,JLPT_1 JLPT,q#0OB)RX;*
酪農,らくのう,낙농,JLPT_1 JLPT,ym$h5c;ttT
落下,らっか,낙하,JLPT_1 JLPT,A7]wCr6wWL
楽観,らっかん,낙관,JLPT_1 JLPT,k~>dbLQz-7
ランプ,ランプ,램프,JLPT_1 JLPT,C!7~*Q0J*S
濫用,らんよう,남용,JLPT_1 JLPT,CFNU<F}Co&
リード,リード,리드·선도,JLPT_1 JLPT,f;Gy:Z95DB
理屈,りくつ,이치·핑계·도리,JLPT_1 JLPT,"Mh,Xn3W#yG"
利子,りし,이자,JLPT_1 JLPT,AEJ.8_NM:H
利潤,りじゅん,이윤,JLPT_1 JLPT,LuA(&F@>8^
理性,りせい,이성,JLPT_1 JLPT,hFk%V[}poF
利息,りそく,이속·이자,JLPT_1 JLPT,jiW}gvaFbu
立体,りったい,입체,JLPT_1 JLPT,c$*Ro:kj?0
立方,りっぽう,입방·세제곱,JLPT_1 JLPT,f~_S5!(=mz
立法,りっぽう,입법,JLPT_1 JLPT,Ap&ba>BFUP
利点,りてん,이점,JLPT_1 JLPT,tXy6bul-X8
略奪,りゃくだつ,약탈,JLPT_1 JLPT,gDxp+5=#Xg
略語,りゃくご,약어,JLPT_1 JLPT,K>oKmQ]kga
流通,りゅうつう,유통,JLPT_1 JLPT,H5O$EOa.I6
領域,りょういき,영역,JLPT_1 JLPT,HiA.[31{b|
了解,りょうかい,양해·알았음,JLPT_1 JLPT,kxhJ=)Od=Q
領海,りょうかい,영해,JLPT_1 JLPT,MB@]yC;xab
両極,りょうきょく,양극,JLPT_1 JLPT,I]j83bI=8Q
良好,りょうこう,양호함,JLPT_1 JLPT,d:q8$rI;Jz
良識,りょうしき,양식·좋은 식견,JLPT_1 JLPT,g^(nW>D*vj
良質,りょうしつ,양질,JLPT_1 JLPT,nVu=s-lEz|
了承,りょうしょう,양해·승인,JLPT_1 JLPT,j]m*irzgE:
良心,りょうしん,양심,JLPT_1 JLPT,I#~pygL#h!
領地,りょうち,영지,JLPT_1 JLPT,y}6|eQ/0%E
領土,りょうど,영토,JLPT_1 JLPT,xYhB+8`@i2
両立,りょうりつ,양립,JLPT_1 JLPT,p7by!eTW@3
旅客,りょかく,여객,JLPT_1 JLPT,I8wSM=gOtR
旅券,りょけん,여권,JLPT_1 JLPT,u/udi_w#M!
履歴,りれき,이력,JLPT_1 JLPT,lgw@;Sby)x
理論,りろん,이론,JLPT_1 JLPT,Kkq/Vwo|)`
林業,りんぎょう,임업,JLPT_1 JLPT,l$qH?E<2YH
類,るい,유·종류,JLPT_1 JLPT,o&+Ivn(%oO
類推,るいすい,유추,JLPT_1 JLPT,MG!~-T=}_S
類似,るいじ,유사함,JLPT_1 JLPT,l=?07xJqV=
ルーズ,ルーズ,루즈함·느슨함,JLPT_1 JLPT,t;l^jLhRxc
冷酷,れいこく,냉혹,JLPT_1 JLPT,Gpei)G)?`V
冷蔵,れいぞう,냉장,JLPT_1 JLPT,"IYaX-(,sbM"
冷淡,れいたん,냉담,JLPT_1 JLPT,Q5Ez[qRMa0
レース,レース,레이스·경주,JLPT_1 JLPT,kxs-fAUJum
レギュラー,レギュラー,레귤러·정기적인,JLPT_1 JLPT,"f@``;g,,Yd"
レッスン,レッスン,레슨,JLPT_1 JLPT,JfvUf_?9-:
レディー,レディー,레이디·숙녀,JLPT_1 JLPT,p!9sykDKO0
レバー,レバー,레버·간,JLPT_1 JLPT,Ml*IZFZKKl
恋愛,れんあい,연애,JLPT_1 JLPT,"g0Js_zq8,k"
バッテリー,バッテリー,배터리,JLPT_1 JLPT,p?ZvzxPq%b
バット,バット,배트·방망이,JLPT_1 JLPT,Q^}DTOnkl|
発病,はつびょう,발병,JLPT_1 JLPT,BvVN^85[N;
初耳,はつみみ,처음 듣는 말,JLPT_1 JLPT,DQ%JLcfuZZ
果て,はて,끝·결과,JLPT_1 JLPT,"b57,px8J*K"
果てる,はてる,끝나다·다하다,JLPT_1 JLPT,"bAff*:bf*,"
ばてる,ばてる,지치다·녹초가 되다,JLPT_1 JLPT,r>0SmD(F4h
パトカー,パトカー,순찰차,JLPT_1 JLPT,"EO|xx2G2G,"
甚だ,はなはだ,매우·심히,JLPT_1 JLPT,OQgv[Rp`!?
華々しい,はなばなしい,화려하다·눈부시다,JLPT_1 JLPT,v^@Rm/*uYq
花びら,はなびら,꽃잎,JLPT_1 JLPT,gVEobi&glz
華やか,はなやか,화려함,JLPT_1 JLPT,b*1sjY=VE6
阻む,はばむ,가로막다·저지하다,JLPT_1 JLPT,KW0lr0LPyk
浜,はま,해변·바닷가,JLPT_1 JLPT,gaeewOTy8/
浜辺,はまべ,해변,JLPT_1 JLPT,AL_W(0hn&V
はまる,はまる,빠지다·꼭 끼이다·적합하다,JLPT_1 JLPT,key3o7$aM}
早める,はやめる,앞당기다·서두르다,JLPT_1 JLPT,hS]svbo-ig
腹立ち,はらだち,화가 남,JLPT_1 JLPT,p.*AhT>Yg8
原っぱ,はらっぱ,벌판·들판,JLPT_1 JLPT,BF1(%i;>nB
はらはら,はらはら,아슬아슬·조마조마,JLPT_1 JLPT,m<Y%mFA4zS
ばらまく,ばらまく,흩뿌리다,JLPT_1 JLPT,wmN`A*3CG)
張り紙,はりがみ,벽보,JLPT_1 JLPT,BB7%DI+bc=
遥か,はるか,아득히·멀리,JLPT_1 JLPT,fUD7d;W?9R
破裂,はれつ,파열,JLPT_1 JLPT,"b^2,E+JYkn"
腫れる,はれる,붓다·부어오르다,JLPT_1 JLPT,z8C-Q:96;k
繁栄,はんえい,번영,JLPT_1 JLPT,nH@_ep+1}j
版画,はんが,판화,JLPT_1 JLPT,sBPn!C6|$0
ハンガー,ハンガー,옷걸이·행거,JLPT_1 JLPT,HNMn){L;p@
反感,はんかん,반감,JLPT_1 JLPT,KAT#$^~N=[
反響,はんきょう,반향,JLPT_1 JLPT,(!Sbp/Ryc
パンク,もちきり,펑크,JLPT_1 JLPT,LzYO%D<&Ei
反撃,はんげき,반격,JLPT_1 JLPT,BBy/kmWv|!
判決,はんけつ,판결,JLPT_1 JLPT,K@f^#cZ5Q`
反射,はんしゃ,반사,JLPT_1 JLPT,LDqIUH^=vr
繁盛,はんじょう,번성,JLPT_1 JLPT,oD{V&C=!wS
繁殖,はんしょく,번식,JLPT_1 JLPT,Gps#@ydvak
反する,はんする,반하다·위반하다,JLPT_1 JLPT,fVrr[FObH2
判定,はんてい,판정,JLPT_1 JLPT,l.y^yE`fLF
万人,ばんにん,만인·모든 사람,JLPT_1 JLPT,gTmA]f8[{J
晩年,ばんねん,말년,JLPT_1 JLPT,DKi7Lij}b#
反応,はんのう,반응,JLPT_1 JLPT,tmAeij8aDL
もめる,ばんのう,만능,JLPT_1 JLPT,z`.g9zaN?
半端,はんぱ,어중간함·나머지,JLPT_1 JLPT,eK}21?Q<uQ
反発,はんぱつ,반발,JLPT_1 JLPT,rHA_.Kqp5U
反乱,はんらん,반란,JLPT_1 JLPT,"JJB,BD9|0D"
氾濫,はんらん,범람,JLPT_1 JLPT,"Im~yS%,7(E"
美,び,미·아름다움,JLPT_1 JLPT,Oi9jkr_JC
ひいては,ひいては,나아가서는·결과적으로,JLPT_1 JLPT,jOz98=%a=I
ビールス,ビールス,바이러스,JLPT_1 JLPT,k4c<|hYsN{
控室,ひかえしつ,대기실,JLPT_1 JLPT,y&_T~x>Y8R
控える,ひかえる,삼가다·대기하다·메모하다,JLPT_1 JLPT,v:A0($lqMw
悲観,ひかん,비관,JLPT_1 JLPT,b5j5UZJ)]S
引き上げる,ひきあげる,끌어올리다·인상하다,JLPT_1 JLPT,N^;oc:0[e;
率いる,ひきいる,이끌다·통솔하다,JLPT_1 JLPT,puJ9X.qkPt
引き起こす,ひきおこす,일으키다·야기하다,JLPT_1 JLPT,wH2wMsnzkj
引下げる,ひきさげる,내리다·인하하다,JLPT_1 JLPT,M7FZ16-#)F
引きずる,ひきずる,질질 끌다,JLPT_1 JLPT,qTp%jki[ap
引取る,ひきとる,물러나다·인수하다·거두다,JLPT_1 JLPT,bqG=Sz>mVR
否決,ひけつ,부결,JLPT_1 JLPT,H=WQ4MO0SN
日頃,ひごろ,평소·평상시,JLPT_1 JLPT,y9J%2)~r.v
久しい,ひさしい,오래간만이다·오래되다,JLPT_1 JLPT,x^qb6Ainn%
悲慘,ひさん,비참함,JLPT_1 JLPT,dkkS+?oHtT
ビジネス,ビジネス,비즈니스,JLPT JLPT_1 Genki_Ln.2 Genki_Ln.1 Genki,stJO[>w5pM
比重,ひじゅう,비중,JLPT_1 JLPT,l4}j=7jzb:
美術,びじゅつ,미술,JLPT_1 JLPT,",I91nlD38"
秘書,ひしょ,비서,JLPT_1 JLPT,HbDP7]^^wK
微笑,びしょう,미소,JLPT_1 JLPT,"y,db|5_YaV"
歪む,ひずむ,비뚤어지다·왜곡되다,JLPT_1 JLPT,KT[PkhY&vP
密か,ひそか,몰래·남모르게,JLPT_1 JLPT,jJ5o@8/`~@
浸す,ひたす,적시다·담그다,JLPT_1 JLPT,g_KlG}!uS#
ひたすら,ひたすら,오로지·한결같이,JLPT_1 JLPT,r_F?uM8zZq
左利き,ひだりきき,왼손잡이,JLPT_1 JLPT,k-sYD9-/$o
引っ掻く,ひっかく,할퀴다,JLPT_1 JLPT,E.o[!3b:Nm
必修,ひっしゅう,필수,JLPT_1 JLPT,v$oSFhOWfe
びっしょり,びっしょり,흠뻑,JLPT_1 JLPT,z/^[4xCt0B
必然,ひつぜん,필연,JLPT_1 JLPT,Q)ow/ypncR
匹敵,ひッテき,필적함,JLPT_1 JLPT,JEil[{vK3q
一息,ひといき,한숨 돌림·잠깐의 휴식,JLPT_1 JLPT,E^BIFQp}ze
人影,ひとかげ,사람의 그림자,JLPT_1 JLPT,lEh{t=A?Px
人柄,ひとがら,인품,JLPT_1 JLPT,dM5AOlir)Y
人気,ひとけ,인기척,JLPT_1 JLPT,NG2)}0vQ0h
一頃,ひところ,한때,JLPT_1 JLPT,g6jcX?>0?e
人質,ひとじち,인질,JLPT_1 JLPT,zJcHfH}ajC
一筋,ひとすじ,한 줄기·일편단심,JLPT_1 JLPT,Iw`AaG(p-#
人目,ひとめ,사람들의 눈·남의 이목,JLPT_1 JLPT,I=B$#9HzY_
日取り,ひどり,날짜를 정함,JLPT_1 JLPT,"E,%=}b)+ea"
雛,ひな,병아리·인형,JLPT_1 JLPT,x|ru;#K_h[
雛祭,ひなまつり,히나마츠리,JLPT_1 JLPT,"ExRH,Fb)`{"
日向,ひなた,양지,JLPT_1 JLPT,"JkB,TYa,o3"
非難,ひなん,비난,JLPT_1 JLPT,Dk(|@/*v__
避難,ひなん,피난,JLPT_1 JLPT,L:}JI$`!GO
日の丸,ひのまる,일장기,JLPT_1 JLPT,t9<.]@%ayT
火花,ひばな,불꽃,JLPT_1 JLPT,um|5.IJ}3z
ひび,ひび,금·균열,JLPT_1 JLPT,"y]|C%f,K4~"
悲鳴,ひめい,비명,JLPT_1 JLPT,"iBM$!,wWJ6"
冷やかす,ひやかす,놀리다·구경만 하고 사지 않다,JLPT_1 JLPT,g|eu{@|Ra<
日焼け,ひやけ,햇볕에 탐,JLPT_1 JLPT,B*x^zGN+6l
標語,ひょうご,표어,JLPT_1 JLPT,q2-le>_XWl
描写,びょうしゃ,묘사,JLPT_1 JLPT,JFYofDRI3{
ひょっと,ひょっと,어쩌면·혹시,JLPT_1 JLPT,H?O[$H2[.i
びら,びら,전단지,JLPT_1 JLPT,t%GemgZ-on
平たい,ひらたい,평평하다,JLPT_1 JLPT,Gv<+$jy(Xp
びり,びり,꼴찌,JLPT_1 JLPT,"B~`,swB&=7"
比率,ひりつ,비율,JLPT_1 JLPT,r*He=~rO@q
